MARCA_STANDARD,MODELO|CLASE|NUEVA_CATEGORIA|LIVIANOS_PESADOS|MODELO_VEH_STD|COD_NUEVA_CATEGORIA|NUEVO
JAC,A138|AUTOMOVILES|CHINOS E INDIOS|LIVIANOS||L3|
MERCEDES BENZ,A160|AUTOMOVILES|BAJO RIESGO 1|LIVIANOS||L1A|
MERCEDES BENZ,A200|AUTOMOVILES|BAJO RIESGO 1|LIVIANOS|A200|L1A|
CHERY,A21|AUTOMOVILES|CHINOS E INDIOS|LIVIANOS||L3|
MERCEDES BENZ,A250|AUTOMOVILES|BAJO RIESGO 1|LIVIANOS||L1A|
AUDI,A3|AUTOMOVILES|BAJO RIESGO 1|LIVIANOS|A3|L1A|
MAZDA,B2500|CAMIONETA|PICK UP|LIVIANOS||L6|SI
MAZDA,B2900|CAMIONETA|PICK UP|LIVIANOS||L6|SI
AUDI,A4|AUTOMOVILES|BAJO RIESGO 1|LIVIANOS|A4|L1A|
MAZDA,BT50|CAMIONETA|PICK UP|LIVIANOS||L6|SI
AUDI,A5|AUTOMOVILES|BAJO RIESGO 1|LIVIANOS|A5|L1A|
AUDI,A6|AUTOMOVILES|BAJO RIESGO 1|LIVIANOS|A6|L1A|
AUDI,A7|AUTOMOVILES|BAJO RIESGO 1|LIVIANOS||L1A|
MAZDA,CX 3|CAMIONETA|BAJO RIESGO 1|LIVIANOS||L1A|SI
AUDI,A8|AUTOMOVILES|BAJO RIESGO 1|LIVIANOS|A8|L1A|
FERRARI,ABARTH 500|AUTOMOVILES|NO ASEGURABLE|LIVIANOS||LX|
MAZDA,CX 5|CAMIONETA|BAJO RIESGO 1|LIVIANOS||L1A|SI
MAZDA,CX 7|CAMIONETA|BAJO RIESGO 1|LIVIANOS||L1A|SI
MAZDA,CX 9|CAMIONETA|BAJO RIESGO 2|LIVIANOS||L1B|SI
HYUNDAI,ACCENT|AUTOMOVILES|BAJO RIESGO 2|LIVIANOS|ACCENT|L1B|
HONDA,ACCORD|AUTOMOVILES|BAJO RIESGO 1|LIVIANOS|ACCORD|L1A|
MAZDA,MX 5|AUTOMOVILES|BAJO RIESGO 1|LIVIANOS||L1A|SI
MAZDA,RX 8|AUTOMOVILES|BAJO RIESGO 1|LIVIANOS||L1A|SI
MG,MG GS|CAMIONETA|CHINO|LIVIANOS|MG|L3|SI
MG,MG6|AUTOMOVILES|CHINO|LIVIANOS||L3|SI
MG,ZS|CAMIONETA|CHINO|LIVIANOS|ZS|L3|SI
MITSUBISHI,DK|CAMIONETA|PICK UP|LIVIANOS||L6|SI
MITSUBISHI,ECLIPSE CROSS|CAMIONETA|BAJO RIESGO 1|LIVIANOS|ECLIPSE CROSS|L1A|SI
MITSUBISHI,ENDEAVOR V AMERICANA|CAMIONETA|BAJO RIESGO 1|LIVIANOS||L1A|SI
MITSUBISHI,HXK|AUTOMOVILES|TIMON CAMBIADO|||L4|SI
NISSAN,BBWAL|AUTOMOVILES|BAJO RIESGO 1|LIVIANOS||L1A|SI
NISSAN,F35|AUTOMOVILES|BAJO RIESGO 1|LIVIANOS||L1A|SI
NISSAN,KICKS EXCLUSIVE CVT|CAMIONETA|BAJO RIESGO 1|LIVIANOS|KICKS EXCLUSIVE CVT|L1A|SI
NISSAN,PULSAR CETICO|AUTOMOVILES|TIMON CAMBIADO|||L4|SI
NISSAN,ROGUE V  AMERICANA|CAMIONETA|VERSION AMERICANA|||L10|SI
SUBARU,1.8|AUTOMOVILES|NO ASEGURABLE|LIVIANOS||LX|
NISSAN,SENTRA SENSE CVT|AUTOMOVILES|BAJO RIESGO 1|LIVIANOS|SENTRA SENSE CVT|L1A|SI
NISSAN,UFL|CAMIONETA|PICK UP|LIVIANOS||L6|SI
PEUGEOT,106|AUTOMOVILES|BAJO RIESGO 1|LIVIANOS||L1A|
NISSAN,WJL|AUTOMOVILES|VAN||||SI
NISSAN,XTRAIL EXCLUSIVE CVT 4X4|CAMIONETA|BAJO RIESGO 1|LIVIANOS|Xtrail exclusive cvt 4x4|L1A|SI
VOLKSWAGEN,113|AUTOMOVILES|BAJO RIESGO 1|LIVIANOS|113|L1A|
PEUGEOT,3008 GT LINE1 6 AT 165HP|CAMIONETA|BAJO RIESGO 1|LIVIANOS||L1A|SI
PORSCHE,MACAN|CAMIONETA|BAJO RIESGO 1|LIVIANOS|MACAN|L1A|SI
BMW,114I|AUTOMOVILES|BAJO RIESGO 1|LIVIANOS|114I|L1A|
RENAULT,CAPTUR|CAMIONETA|BAJO RIESGO 3||CAPTUR||SI
BMW,116I|AUTOMOVILES|BAJO RIESGO 1|LIVIANOS|116I|L1A|
RENAULT,DUSTER INTENS 1.6 MT|CAMIONETA|MEDIANO RIESGO||DUSTER INTENS 1.6 MT|L2|SI
LIFAN,120|AUTOMOVILES|CHINOS E INDIOS|LIVIANOS|120|L3|
VOLKSWAGEN,1200|AUTOMOVILES|BAJO RIESGO 1|LIVIANOS||L1A|
BMW,120I|AUTOMOVILES|BAJO RIESGO 1|LIVIANOS|120I|L1A|
RENAULT,HZG|CAMIONETA|BAJO RIESGO 2|LIVIANOS||L1B|SI
RENAULT,OROCH|CAMIONETA|PICK UP|LIVIANOS|OROCH|L6|SI
RTM,125|VEHICULOS MENORES|VEHICULOS MENORES|LIVIANOS||L9|
BMW,125I|AUTOMOVILES|BAJO RIESGO 1|LIVIANOS||L1A|
SUZUKI,CIAZ SPORT GLX AT|AUTOMOVILES|BAJO RIESGO 1|LIVIANOS|CIAZ SPORT GLX AT|L1A|SI
SUZUKI,ERTIGA|CAMIONETA|VAN||ERTIGA||SI
HYUNDAI,130|AUTOMOVILES|BAJO RIESGO 1|LIVIANOS||L1A|
SUZUKI,ERTIGA 1 4 GL AT|CAMIONETA|MEDIANO RIESGO|||L2|SI
VOLKSWAGEN,1300|AUTOMOVILES|BAJO RIESGO 1|LIVIANOS|1300|L1A|
BMW,130I|AUTOMOVILES|BAJO RIESGO 1|LIVIANOS|130I|L1A|
SUZUKI,ERTIGA 1 4 GL MT|CAMIONETA|MEDIANO RIESGO|||L2|SI
SUZUKI,S CROSS|AUTOMOVILES|MEDIANO RIESGO|||L2|SI
AUDI,RS3|AUTOMOVILES|BAJO RIESGO 1|LIVIANOS|RS3|L1A|SI
TOYOTA,4RUNNER|CAMIONETA|BAJO RIESGO 2|LIVIANOS||L1B|SI
BMW,135CI|AUTOMOVILES|BAJO RIESGO 1|LIVIANOS||L1A|
BMW,135I|AUTOMOVILES|BAJO RIESGO 1|LIVIANOS|135I|L1A|
TOYOTA,AGYA|AUTOMOVILES|MEDIANO RIESGO||Agya|L2|SI
TOYOTA,KUN51L IKMSY|CAMIONETA|BAJO RIESGO 1|LIVIANOS||L1A|SI
TOYOTA,NCP|AUTOMOVILES|BAJO RIESGO 1|LIVIANOS||L1A|SI
ALFA ROMEO,147|AUTOMOVILES|BAJO RIESGO 1|LIVIANOS||L1A|
TOYOTA,PICK UP|CAMIONETA|PICK UP|LIVIANOS|PICK UP|L6|SI
TOYOTA,PROBOX CETICOS|CAMIONETA|NO ASEGURABLE|||LX|SI
TOYOTA,PZJ7|CAMIONETA|BAJO RIESGO 1|LIVIANOS||L1A|SI
TOYOTA,SX 4254|AUTOMOVILES|REMOLCADOR|PESADOS||P2|SI
RTM,150|VEHICULOS MENORES|VEHICULOS MENORES|LIVIANOS||L9|
HONDA,150|VEHICULOS MENORES|VEHICULOS MENORES|LIVIANOS||L9|
VOLKSWAGEN,1500|AUTOMOVILES|BAJO RIESGO 1|LIVIANOS|1500|L1A|
TOYOTA,YK110L|CAMIONETA|PICK UP|LIVIANOS||L6|SI
VOLKSWAGEN,AMARAOK COMFORTLINE BITDI 4|CAMIONETA|NO ASEGURABLE||AMARAOK COMFORTLINE BITDI 4|LX|SI
VOLKSWAGEN,POLO TRENDLINE 1 6 TIP|AUTOMOVILES|BAJO RIESGO 1|LIVIANOS||L1A|SI
VOLKSWAGEN,SPACE|CAMIONETA|BAJO RIESGO 2|LIVIANOS||L1B|SI
ALFA ROMEO,155|AUTOMOVILES|BAJO RIESGO 1|LIVIANOS|155|L1A|
ALFA ROMEO,156|AUTOMOVILES|BAJO RIESGO 1|LIVIANOS||L1A|
ALFA ROMEO,159|AUTOMOVILES|BAJO RIESGO 1|LIVIANOS||L1A|
VOLKSWAGEN,1600|AUTOMOVILES|BAJO RIESGO 1|LIVIANOS||L1A|
VOLKSWAGEN,TRACK|CAMIONETA|BAJO RIESGO 1|LIVIANOS|TRA|L1A|SI
VOLKSWAGEN,TREND & FUN|CAMIONETA|BAJO RIESGO 1|LIVIANOS||L1A|SI
VOLKSWAGEN,VIRTUS|AUTOMOVILES|BAJO RIESGO 3||virtus||SI
ALFA ROMEO,164|AUTOMOVILES|BAJO RIESGO 1|LIVIANOS||L1A|
VOLKSWAGEN,VOYAGER|AUTOMOVILES|BAJO RIESGO 3||VOYAGER||SI
VOLVO,V40|CAMIONETA|BAJO RIESGO 1|LIVIANOS|V40|L1A|SI
VOLVO,V50|CAMIONETA|BAJO RIESGO 1|LIVIANOS||L1A|SI
VOLVO,V60|CAMIONETA|BAJO RIESGO 1|LIVIANOS|V60|L1A|SI
VOLVO,V70|CAMIONETA|BAJO RIESGO 1|LIVIANOS||L1A|SI
VOLVO,V90 CROSS|CAMIONETA|BAJO RIESGO 1|LIVIANOS|V90 CROSS|L1A|SI
VOLVO,XC40|CAMIONETA|BAJO RIESGO 1|LIVIANOS||L1A|SI
VOLVO,XC60 T6 AWB MY19|CAMIONETA|BAJO RIESGO 1|LIVIANOS|Xc60 t6 awb my19|L1A|SI
ZOTYE,NOMADE|CAMIONETA|CHINO|LIVIANOS||L3|SI
DODGE,GRAND CARAVAN|CAMIONETA|BAJO RIESGO 1|LIVIANOS|GRAND CARAVAN|L1A|SI
HONDA,ACCORD CETICO|AUTOMOVILES|BAJO RIESGO 1|LIVIANOS|ACCORD|L1A|SI
JAGUAR,E PACE|CAMIONETA|BAJO RIESGO 1|LIVIANOS|E PACE|L1A|SI
JEEP,PATRIOT V  AMERICANA|CAMIONETA|BAJO RIESGO 1|LIVIANOS||L1A|SI
MAZDA,5|CAMIONETA|BAJO RIESGO 1|LIVIANOS||L1A|SI
FORD,EXPLORER V AMERICANA|CAMIONETA|BAJO RIESGO 2|LIVIANOS||L1B|SI
HONDA,WR V|CAMIONETA|BAJO RIESGO 1|LIVIANOS||L1A|SI
HONDA,ORTHIA CETICO|CAMIONETA|TIMON CAMBIADO||ORTHIA|L4|SI
PORSCHE,180|AUTOMOVILES|BAJO RIESGO 1|LIVIANOS||L1A|
AUSTIN,1800|AUTOMOVILES|NO ASEGURABLE|LIVIANOS||LX|
RENAULT,19|AUTOMOVILES|BAJO RIESGO 2|LIVIANOS||L1B|
MERCEDES BENZ,190|AUTOMOVILES|BAJO RIESGO 1|LIVIANOS||L1A|
BMW,1M|AUTOMOVILES|BAJO RIESGO 1|LIVIANOS||L1A|
RTM,200|VEHICULOS MENORES|VEHICULOS MENORES|LIVIANOS|200|L9|
ROVER,200|AUTOMOVILES|NO ASEGURABLE|LIVIANOS|200|LX|
NISSAN,200|AUTOMOVILES|BAJO RIESGO 1|LIVIANOS|200|L1A|
MERCEDES BENZ,200|AUTOMOVILES|BAJO RIESGO 1|LIVIANOS|200|L1A|
ZOTYE,2008|RURALES|CHINOS E INDIOS|LIVIANOS|2008|L3|
PEUGEOT,205|AUTOMOVILES|BAJO RIESGO 1|LIVIANOS|205|L1A|
PEUGEOT,206|AUTOMOVILES|BAJO RIESGO 2|LIVIANOS|206|L1B|
PEUGEOT,207|AUTOMOVILES|BAJO RIESGO 2|LIVIANOS|207|L1B|
PEUGEOT,208|AUTOMOVILES|BAJO RIESGO 1|LIVIANOS|208|L1A|
LADA,2101|AUTOMOVILES|NO ASEGURABLE|LIVIANOS||LX|
LADA,2106|AUTOMOVILES|NO ASEGURABLE|LIVIANOS||LX|
LADA,2108|AUTOMOVILES|NO ASEGURABLE|LIVIANOS||LX|
VOLKSWAGEN,211|PANEL|PANEL|LIVIANOS||L5|
ROVER,214|AUTOMOVILES|NO ASEGURABLE|LIVIANOS||LX|
MERCEDES BENZ,220|AUTOMOVILES|BAJO RIESGO 1|LIVIANOS||L1A|
KAWASAKI,22R|VEHICULOS MENORES|VEHICULOS MENORES|LIVIANOS||L9|
MERCEDES BENZ,230|AUTOMOVILES|BAJO RIESGO 1|LIVIANOS||L1A|
VOLVO,240|AUTOMOVILES|BAJO RIESGO 1|LIVIANOS||L1A|
NISSAN,240|AUTOMOVILES|NO ASEGURABLE|LIVIANOS||LX|
MERCEDES BENZ,240|AUTOMOVILES|BAJO RIESGO 1|LIVIANOS||L1A|
VOLVO,244|AUTOMOVILES|BAJO RIESGO 1|LIVIANOS||L1A|
VOLVO,245|AUTOMOVILES|BAJO RIESGO 1|LIVIANOS||L1A|
MERCEDES BENZ,250|AUTOMOVILES|BAJO RIESGO 1|LIVIANOS||L1A|
MERCEDES BENZ,280|AUTOMOVILES|BAJO RIESGO 1|LIVIANOS||L1A|
DATSUN,280|AUTOMOVILES|NO ASEGURABLE|LIVIANOS||LX|
BAJAJ,2T|VEHICULOS MENORES|VEHICULOS MENORES|LIVIANOS||L9|
BMW,3|AUTOMOVILES|BAJO RIESGO 1|LIVIANOS|3|L1A|
HAIMA,3|AUTOMOVILES|CHINOS E INDIOS|LIVIANOS|3|L3|
ACURA,3.5|AUTOMOVILES|NO ASEGURABLE|LIVIANOS|3.5|LX|
MERCEDES BENZ,300|AUTOMOVILES|BAJO RIESGO 1|LIVIANOS|300|L1A|
CHRYSLER,300|AUTOMOVILES|BAJO RIESGO 1|LIVIANOS|300|L1A|
MITSUBISHI,3000|AUTOMOVILES|NO ASEGURABLE|LIVIANOS||LX|
PEUGEOT,3005|AUTOMOVILES|BAJO RIESGO 1|LIVIANOS||L1A|
PEUGEOT,3008|AUTOMOVILES|BAJO RIESGO 1|LIVIANOS|3008|L1A|
PEUGEOT,301|AUTOMOVILES|BAJO RIESGO 1|LIVIANOS|301|L1A|
PEUGEOT,306|AUTOMOVILES|BAJO RIESGO 1|LIVIANOS||L1A|
PEUGEOT,307|AUTOMOVILES|BAJO RIESGO 2|LIVIANOS|307|L1B|
PEUGEOT,308|AUTOMOVILES|BAJO RIESGO 1|LIVIANOS|308|L1A|
DATSUN,310|AUTOMOVILES|NO ASEGURABLE|LIVIANOS||LX|
BMW,315I|AUTOMOVILES|BAJO RIESGO 1|LIVIANOS||L1A|
BMW,316I|AUTOMOVILES|BAJO RIESGO 1|LIVIANOS|316|L1A|
BMW,318CI|AUTOMOVILES|BAJO RIESGO 1|LIVIANOS||L1A|
BMW,318I|AUTOMOVILES|BAJO RIESGO 1|LIVIANOS|318I|L1A|
MERCEDES BENZ,320|AUTOMOVILES|BAJO RIESGO 1|LIVIANOS||L1A|
LIFAN,320|AUTOMOVILES|CHINOS E INDIOS|LIVIANOS||L3|
BMW,320CI|AUTOMOVILES|BAJO RIESGO 1|LIVIANOS||L1A|
BMW,320D|AUTOMOVILES|BAJO RIESGO 1|LIVIANOS||L1A|
BMW,320I|AUTOMOVILES|BAJO RIESGO 1|LIVIANOS|320I|L1A|
MAZDA,323|AUTOMOVILES|BAJO RIESGO 1|LIVIANOS||L1A|
BMW,323CI|AUTOMOVILES|BAJO RIESGO 1|LIVIANOS||L1A|
BMW,323I|AUTOMOVILES|BAJO RIESGO 1|LIVIANOS|323I|L1A|
BMW,325CI|AUTOMOVILES|BAJO RIESGO 1|LIVIANOS||L1A|
BMW,325I|AUTOMOVILES|BAJO RIESGO 1|LIVIANOS|325I|L1A|
BMW,328CI|AUTOMOVILES|BAJO RIESGO 1|LIVIANOS||L1A|
BMW,328I|AUTOMOVILES|BAJO RIESGO 1|LIVIANOS|328I|L1A|
ALFA ROMEO,33|AUTOMOVILES|BAJO RIESGO 1|LIVIANOS||L1A|
BMW,330CI|AUTOMOVILES|BAJO RIESGO 1|LIVIANOS||L1A|
BMW,330I|AUTOMOVILES|BAJO RIESGO 1|LIVIANOS|330I|L1A|
VOLKSWAGEN,331|AUTOMOVILES|BAJO RIESGO 1|LIVIANOS|331|L1A|
BMW,335CI|AUTOMOVILES|BAJO RIESGO 1|LIVIANOS||L1A|
BMW,335I|AUTOMOVILES|BAJO RIESGO 1|LIVIANOS|335I|L1A|
YAMAHA,350|VEHICULOS MENORES|VEHICULOS MENORES|LIVIANOS|350|L9|
NISSAN,350|AUTOMOVILES|NO ASEGURABLE|LIVIANOS|350|LX|
MG,350|AUTOMOVILES|CHINOS E INDIOS|LIVIANOS|350|L3|
MERCEDES BENZ,350|AUTOMOVILES|BAJO RIESGO 1|LIVIANOS|350|L1A|
FORD,350|PICK UP|PICK UP|LIVIANOS|350|L6|
BMW,355I|AUTOMOVILES|BAJO RIESGO 1|LIVIANOS||L1A|
VOLVO,360|AUTOMOVILES|BAJO RIESGO 1|LIVIANOS||L1A|
NISSAN,370|AUTOMOVILES|NO ASEGURABLE|LIVIANOS||LX|
JAGUAR,38 S|AUTOMOVILES|NO ASEGURABLE|LIVIANOS||LX|
MERCEDES BENZ,380|AUTOMOVILES|BAJO RIESGO 1|LIVIANOS||L1A|
TOYOTA,4 RUNNER|RURALES|BAJO RIESGO 1|LIVIANOS|4RUNNER|L1A|
YAMAHA,400|VEHICULOS MENORES|VEHICULOS MENORES|LIVIANOS||L9|
ROVER,400|AUTOMOVILES|NO ASEGURABLE|LIVIANOS||LX|
PEUGEOT,4007|RURALES|BAJO RIESGO 1|LIVIANOS||L1A|
PEUGEOT,404|AUTOMOVILES|BAJO RIESGO 1|LIVIANOS||L1A|
PEUGEOT,405|AUTOMOVILES|BAJO RIESGO 1|LIVIANOS||L1A|
PEUGEOT,406|AUTOMOVILES|BAJO RIESGO 1|LIVIANOS||L1A|
PEUGEOT,407|AUTOMOVILES|BAJO RIESGO 1|LIVIANOS|407|L1A|
ROVER,416|AUTOMOVILES|NO ASEGURABLE|LIVIANOS||LX|
BMW,428I|AUTOMOVILES|BAJO RIESGO 1|LIVIANOS|428I|L1A|
BMW,435I|AUTOMOVILES|BAJO RIESGO 1|LIVIANOS|435I|L1A|
VOLVO,440|AUTOMOVILES|BAJO RIESGO 1|LIVIANOS||L1A|
VOLVO,445|AUTOMOVILES|BAJO RIESGO 1|LIVIANOS||L1A|
VOLVO,450|AUTOMOVILES|BAJO RIESGO 1|LIVIANOS|450|L1A|
MERCEDES BENZ,450|AUTOMOVILES|BAJO RIESGO 1|LIVIANOS|450|L1A|
KTM,450|VEHICULOS MENORES|VEHICULOS MENORES|LIVIANOS|450|L9|
FERRARI,458|AUTOMOVILES|NO ASEGURABLE|LIVIANOS||LX|
VOLVO,460|AUTOMOVILES|BAJO RIESGO 1|LIVIANOS||L1A|
VOLVO,480|AUTOMOVILES|BAJO RIESGO 1|LIVIANOS||L1A|
BAJAJ,4T|VEHICULOS MENORES|VEHICULOS MENORES|LIVIANOS||L9|
MAZDA,5|AUTOMOVILES|BAJO RIESGO 1|LIVIANOS||L1A|
MERCEDES BENZ,500|AUTOMOVILES|BAJO RIESGO 1|LIVIANOS|500|L1A|
FIAT,500|AUTOMOVILES|BAJO RIESGO 1|LIVIANOS|500|L1A|
PEUGEOT,5008|RURALES|BAJO RIESGO 1|LIVIANOS|5008|L1A|
PEUGEOT,508|AUTOMOVILES|BAJO RIESGO 1|LIVIANOS|508|L1A|
BMW,518I|AUTOMOVILES|BAJO RIESGO 1|LIVIANOS|518I|L1A|
LIFAN,520|AUTOMOVILES|CHINOS E INDIOS|LIVIANOS||L3|
BMW,520I|AUTOMOVILES|BAJO RIESGO 1|LIVIANOS|520I|L1A|
BMW,523I|AUTOMOVILES|BAJO RIESGO 1|LIVIANOS|523I|L1A|
BMW,525D|AUTOMOVILES|BAJO RIESGO 1|LIVIANOS|525D|L1A|
BMW,525I|AUTOMOVILES|BAJO RIESGO 1|LIVIANOS|525I|L1A|
BMW,528I|AUTOMOVILES|BAJO RIESGO 1|LIVIANOS|528I|L1A|
LIFAN,52O|AUTOMOVILES|CHINOS E INDIOS|LIVIANOS||L3|
BMW,530D|AUTOMOVILES|BAJO RIESGO 1|LIVIANOS|530D|L1A|
BMW,530I|AUTOMOVILES|BAJO RIESGO 1|LIVIANOS|530I|L1A|
BMW,535I|AUTOMOVILES|BAJO RIESGO 1|LIVIANOS|535I|L1A|
BMW,540I|AUTOMOVILES|BAJO RIESGO 1|LIVIANOS|540I|L1A|
BMW,545I|AUTOMOVILES|BAJO RIESGO 1|LIVIANOS||L1A|
BMW,545IA|AUTOMOVILES|BAJO RIESGO 1|LIVIANOS|545IA|L1A|
MG,550|AUTOMOVILES|CHINOS E INDIOS|LIVIANOS||L3|
BMW,550I|AUTOMOVILES|BAJO RIESGO 1|LIVIANOS|550I|L1A|
MERCEDES BENZ,560|AUTOMOVILES|BAJO RIESGO 1|LIVIANOS||L1A|
MAZDA,6|AUTOMOVILES|BAJO RIESGO 1|LIVIANOS|6|L1A|
ROVER,600|AUTOMOVILES|NO ASEGURABLE|LIVIANOS|600|LX|
PEUGEOT,605|AUTOMOVILES|BAJO RIESGO 1|LIVIANOS||L1A|
PEUGEOT,607|AUTOMOVILES|BAJO RIESGO 1|LIVIANOS||L1A|
LIFAN,620|AUTOMOVILES|CHINOS E INDIOS|LIVIANOS||L3|
MAZDA,626|AUTOMOVILES|BAJO RIESGO 1|LIVIANOS||L1A|
BMW,630I|AUTOMOVILES|BAJO RIESGO 1|LIVIANOS||L1A|
BMW,633CSI|AUTOMOVILES|BAJO RIESGO 1|LIVIANOS||L1A|
BMW,640I|AUTOMOVILES|BAJO RIESGO 1|LIVIANOS|640I|L1A|
BMW,645CI|AUTOMOVILES|BAJO RIESGO 1|LIVIANOS||L1A|
FIAT,650|AUTOMOVILES|BAJO RIESGO 1|LIVIANOS||L1A|
BMW,650I|AUTOMOVILES|BAJO RIESGO 1|LIVIANOS||L1A|
NISSAN,720|PICK UP|PICK UP|LIVIANOS||L6|
BMW,735I|AUTOMOVILES|BAJO RIESGO 1|LIVIANOS|735I|L1A|
VOLVO,740|AUTOMOVILES|BAJO RIESGO 1|LIVIANOS||L1A|
BMW,740|AUTOMOVILES|BAJO RIESGO 1|LIVIANOS||L1A|
BMW,740I|AUTOMOVILES|BAJO RIESGO 1|LIVIANOS|740I|L1A|
BMW,740LI|AUTOMOVILES|BAJO RIESGO 1|LIVIANOS|740I|L1A|
VOLVO,744|AUTOMOVILES|BAJO RIESGO 1|LIVIANOS||L1A|
BMW,745I|AUTOMOVILES|BAJO RIESGO 1|LIVIANOS||L1A|
MG,750|AUTOMOVILES|CHINOS E INDIOS|LIVIANOS||L3|
BMW,750I|AUTOMOVILES|BAJO RIESGO 1|LIVIANOS|750I|L1A|
BMW,750LI|AUTOMOVILES|BAJO RIESGO 1|LIVIANOS|750I|L1A|
VOLVO,760|AUTOMOVILES|BAJO RIESGO 1|LIVIANOS||L1A|
AUDI,Q5 DESIGN 2 0TFSI QUATTRO ST|CAMIONETA|BAJO RIESGO 1|LIVIANOS||L1A|SI
HONDA,CR V EX  T 2WD|CAMIONETA|BAJO RIESGO 1|LIVIANOS||L1A|SI
LAND ROVER,EVOQUE|CAMIONETA|BAJO RIESGO 1|LIVIANOS|EVOQUE|L1A|SI
CHEVROLET,D MAX|CAMIONETA|PICK UP|LIVIANOS||L6|SI
FIAT,IDEA|CAMIONETA|BAJO RIESGO 2|LIVIANOS||L1B|SI
FAW,OLEY|AUTOMOVILES|CHINO|LIVIANOS||L3|SI
CHERY,ARRIZO 5|AUTOMOVILES|CHINO|LIVIANOS|ARRIZO 5|L3|SI
DONGFENG,X3|CAMIONETA|CHINO|LIVIANOS|X3|L3|SI
GEELY,LC CROSS|AUTOMOVILES|CHINO|LIVIANOS||L3|SI
CHEVROLET,HD78|CAMION|PESADOS||HD78|P1|SI
AUDI,80|AUTOMOVILES|BAJO RIESGO 1|LIVIANOS||L1A|
PEUGEOT,806|RURALES|BAJO RIESGO 1|LIVIANOS||L1A|
PEUGEOT,807|RURALES|BAJO RIESGO 1|LIVIANOS||L1A|
MERCEDES BENZ,812|AUTOMOVILES|BAJO RIESGO 1|LIVIANOS||L1A|
VOLVO,850|AUTOMOVILES|BAJO RIESGO 1|LIVIANOS|850|L1A|
BMW,850CI|AUTOMOVILES|NO ASEGURABLE|LIVIANOS||LX|
BMW,850I|AUTOMOVILES|NO ASEGURABLE|LIVIANOS||LX|
TOYOTA,86|AUTOMOVILES|BAJO RIESGO 1|LIVIANOS||L1A|
PORSCHE,911|AUTOMOVILES|NO ASEGURABLE|LIVIANOS||LX|
PORSCHE,928|AUTOMOVILES|BAJO RIESGO 1|LIVIANOS||L1A|
VOLVO,940|AUTOMOVILES|BAJO RIESGO 1|LIVIANOS||L1A|
PORSCHE,944|AUTOMOVILES|BAJO RIESGO 1|LIVIANOS||L1A|
VOLVO,960|AUTOMOVILES|BAJO RIESGO 1|LIVIANOS||L1A|
PORSCHE,986|AUTOMOVILES|BAJO RIESGO 1|LIVIANOS||L1A|
KTM,990|VEHICULOS MENORES|VEHICULOS MENORES|LIVIANOS||L9|
PORSCHE,993|AUTOMOVILES|BAJO RIESGO 1|LIVIANOS||L1A|
JAC,A0|AUTOMOVILES|CHINOS E INDIOS|LIVIANOS||L3|
AUDI,A1|AUTOMOVILES|BAJO RIESGO 1|LIVIANOS|A1|L1A|
MERCEDES BENZ,C 240|AUTOMOVILES|BAJO RIESGO 1|LIVIANOS||L1A|
MERCEDES BENZ,C 250|AUTOMOVILES|BAJO RIESGO 1|LIVIANOS||L1A|
MERCEDES BENZ,C 280|AUTOMOVILES|BAJO RIESGO 1|LIVIANOS||L1A|
MERCEDES BENZ,C CLASS|AUTOMOVILES|BAJO RIESGO 1|LIVIANOS|C CLASS|L1A|
CHEVROLET,C10|PICK UP|BAJO RIESGO 2|LIVIANOS|C10|L1B|
YUMBO,C110|VEHICULOS MENORES|VEHICULOS MENORES|LIVIANOS||L9|
CITROEN,C15|PANEL|BAJO RIESGO 1|LIVIANOS||L1A|
CHEVROLET,C1500|PICK UP|BAJO RIESGO 2|LIVIANOS|C1500|L1B|
MERCEDES BENZ,C180|AUTOMOVILES|BAJO RIESGO 1|LIVIANOS||L1A|
MERCEDES BENZ,C200|AUTOMOVILES|BAJO RIESGO 1|LIVIANOS|C200|L1A|
MERCEDES BENZ,C220|AUTOMOVILES|BAJO RIESGO 1|LIVIANOS||L1A|
MERCEDES BENZ,C230|AUTOMOVILES|BAJO RIESGO 1|LIVIANOS|C 230|L1A|
MERCEDES BENZ,C240|AUTOMOVILES|BAJO RIESGO 1|LIVIANOS|C240|L1A|
MERCEDES BENZ,C250|AUTOMOVILES|BAJO RIESGO 1|LIVIANOS|C250|L1A|
MERCEDES BENZ,C280|AUTOMOVILES|BAJO RIESGO 1|LIVIANOS|C280|L1A|
CITROEN,C3|AUTOMOVILES|BAJO RIESGO 1|LIVIANOS||L1A|
VOLVO,C30|AUTOMOVILES|BAJO RIESGO 1|LIVIANOS||L1A|
CHEVROLET,C30|PICK UP|BAJO RIESGO 2|LIVIANOS||L1B|
MERCEDES BENZ,C300|AUTOMOVILES|BAJO RIESGO 1|LIVIANOS|C300|L1A|
SMA,C32|AUTOMOVILES|CHINOS E INDIOS|LIVIANOS||L3|
MERCEDES BENZ,C350|AUTOMOVILES|BAJO RIESGO 1|LIVIANOS||L1A|
CHEVROLET,C3500|PICK UP|BAJO RIESGO 2|LIVIANOS||L1B|
CITROEN,C4|AUTOMOVILES|BAJO RIESGO 1|LIVIANOS|C4|L1A|
CITROEN,C5|AUTOMOVILES|BAJO RIESGO 1|LIVIANOS||L1A|
GREAT WALL,C50|AUTOMOVILES|CHINOS E INDIOS|LIVIANOS||L3|
SMA,C61|AUTOMOVILES|CHINOS E INDIOS|LIVIANOS||L3|
MERCEDES BENZ,C63|AUTOMOVILES|BAJO RIESGO 1|LIVIANOS|C63|L1A|
VOLVO,C70|AUTOMOVILES|BAJO RIESGO 1|LIVIANOS||L1A|
HONDA,C90|VEHICULOS MENORES|VEHICULOS MENORES|LIVIANOS||L9|
FAW,CA|PICK UP|PICK UP|LIVIANOS||L6|
AUDI,CABRIOLET|AUTOMOVILES|BAJO RIESGO 1|LIVIANOS|CABRIOLET|L1A|
VOLKSWAGEN,CADDY|PANEL|PANEL|LIVIANOS|CADDY|L5|
KIA,CADENZA|AUTOMOVILES|BAJO RIESGO 1|LIVIANOS|CADENZA|L1A|
TOYOTA,CALDINA|AUTOMOVILES|BAJO RIESGO 1|LIVIANOS||L1A|
FAW,CALE|AUTOMOVILES|CHINOS E INDIOS|LIVIANOS||L3|
DODGE,CALIBER|AUTOMOVILES|NO ASEGURABLE|LIVIANOS|CALIBER|LX|
BAJAJ,CALIBER|VEHICULOS MENORES|VEHICULOS MENORES|LIVIANOS|CALIBER|L9|
CHEVROLET,CAMARO|AUTOMOVILES|BAJO RIESGO 2|LIVIANOS|CAMARO|L1B|
TOYOTA,CAMI|RURALES|BAJO RIESGO 1|LIVIANOS||L1A|
TOYOTA,CAMRY|AUTOMOVILES|BAJO RIESGO 1|LIVIANOS|CAMRY|L1A|
MAZDA,CAPELLA|AUTOMOVILES|BAJO RIESGO 1|LIVIANOS|CAPELLA|L1A|
MERCURY,CAPRI|AUTOMOVILES|NO ASEGURABLE|LIVIANOS||LX|
CHEVROLET,CAPRICE|AUTOMOVILES|BAJO RIESGO 2|LIVIANOS||L1B|
CHEVROLET,CAPTIVA|RURALES|BAJO RIESGO 1|LIVIANOS|CAPTIVA|L1A|
NISSAN,CARAVAN|PANEL|BAJO RIESGO 1|LIVIANOS|CARAVAN|L1A|
DODGE,CARAVAN|RURALES|NO ASEGURABLE|LIVIANOS|CARAVAN|LX|
CHRYSLER,CARAVAN|RURALES|BAJO RIESGO 1|LIVIANOS|CARAVAN|L1A|
KIA,CARENS|RURALES|BAJO RIESGO 1|LIVIANOS|CARENS|L1A|
TOYOTA,CARINA|AUTOMOVILES|BAJO RIESGO 1|LIVIANOS|CARINA|L1A|
KIA,CARNIVAL|AUTOMOVILES|BAJO RIESGO 1|LIVIANOS|CARNIVAL|L1A|
SUZUKI,CARRY|PICK UP|PICK UP|LIVIANOS|CARRY|L6|
NISSAN,CASCAI|RURALES|BAJO RIESGO 1|LIVIANOS||L1A|
CHEVROLET,CAVALIER|AUTOMOVILES|BAJO RIESGO 2|LIVIANOS||L1B|
MAVILA,CAVALRY|VEHICULOS MENORES|VEHICULOS MENORES|LIVIANOS|CAVALRY|L9|
PORSCHE,CAYENNE|RURALES|BAJO RIESGO 1|LIVIANOS|CAYENNE|L1A|
PORSCHE,CAYMAN|AUTOMOVILES|NO ASEGURABLE|LIVIANOS||LX|
HONDA,CB|VEHICULOS MENORES|VEHICULOS MENORES|LIVIANOS||L9|
HONDA,CBX|VEHICULOS MENORES|VEHICULOS MENORES|LIVIANOS||L9|
HONDA,CBX125|VEHICULOS MENORES|VEHICULOS MENORES|LIVIANOS||L9|
VOLKSWAGEN,CC|AUTOMOVILES|BAJO RIESGO 1|LIVIANOS||L1A|
MERCEDES BENZ,CCLASS|AUTOMOVILES|BAJO RIESGO 1|LIVIANOS||L1A|
HONDA,CD|VEHICULOS MENORES|VEHICULOS MENORES|LIVIANOS||L9|
NISSAN,CEDRIC|AUTOMOVILES|BAJO RIESGO 1|LIVIANOS|CEDRIC|L1A|
CHEVROLET,CELEBRITY|AUTOMOVILES|BAJO RIESGO 2|LIVIANOS|CELEBRITY|L1B|
SUZUKI,CELERIO|AUTOMOVILES|MEDIANO RIESGO|LIVIANOS|CELERIO|L2|
TOYOTA,CELICA|AUTOMOVILES|BAJO RIESGO 1|LIVIANOS||L1A|
TOYOTA,CELSIOR|AUTOMOVILES|BAJO RIESGO 1|LIVIANOS||L1A|
IVECO,CENTAURO|OTROS|NO ASEGURABLE|LIVIANOS||LX|
KIA,CERATO|AUTOMOVILES|BAJO RIESGO 1|LIVIANOS|CERATO|L1A|
YUMBO,CG|VEHICULOS MENORES|VEHICULOS MENORES|LIVIANOS||L9|
MOTOKAR,CG|VEHICULOS MENORES|VEHICULOS MENORES|LIVIANOS||L9|
HONDA,CG|VEHICULOS MENORES|VEHICULOS MENORES|LIVIANOS||L9|
SUMO,CG125|VEHICULOS MENORES|VEHICULOS MENORES|LIVIANOS||L9|
HONDA,CGL|VEHICULOS MENORES|VEHICULOS MENORES|LIVIANOS||L9|
MITSUBISHI,CHALLENGER|AUTOMOVILES|BAJO RIESGO 1|LIVIANOS|CHALLENGER|L1A|
DODGE,CHALLENGER|AUTOMOVILES|NO ASEGURABLE|LIVIANOS|CHALLENGER|LX|
DAIHATSU,CHARADE|AUTOMOVILES|NO ASEGURABLE|LIVIANOS||LX|
MITSUBISHI,CHARIOT|RURALES|BAJO RIESGO 1|LIVIANOS||L1A|
JEEP,CHEROKEE|RURALES|BAJO RIESGO 1|LIVIANOS|CHEROKEE|L1A|
CHEVROLET,CHEVELLE|AUTOMOVILES|BAJO RIESGO 2|LIVIANOS|CHEVELLE|L1B|
CHEVROLET,CHEVETTE|AUTOMOVILES|BAJO RIESGO 2|LIVIANOS||L1B|
CHEVROLET,CHEVY|AUTOMOVILES|BAJO RIESGO 2|LIVIANOS||L1B|
CHEVROLET,CHEYENNE|PICK UP|BAJO RIESGO 2|LIVIANOS|CHEYENNE|L1B|
DAEWOO,CIELO|AUTOMOVILES|BAJO RIESGO 1|LIVIANOS||L1A|
FIAT,CINQUECENTO|AUTOMOVILES|BAJO RIESGO 1|LIVIANOS||L1A|
HONDA,CITY|AUTOMOVILES|BAJO RIESGO 1|LIVIANOS||L1A|
HONDA,CIVIC|AUTOMOVILES|BAJO RIESGO 1|LIVIANOS|CIVIC|L1A|
CHEVROLET,CK|PICK UP|BAJO RIESGO 2|LIVIANOS|CK|L1B|
GEELY,CK|AUTOMOVILES|CHINOS E INDIOS|LIVIANOS|CK|L3|
GEELY,CK 1.3|AUTOMOVILES|CHINOS E INDIOS|LIVIANOS||L3|
GEELY,CK 1.5|AUTOMOVILES|CHINOS E INDIOS|LIVIANOS||L3|
MERCEDES BENZ,CL 200|AUTOMOVILES|BAJO RIESGO 1|LIVIANOS||L1A|
MERCEDES BENZ,CL 500|AUTOMOVILES|BAJO RIESGO 1|LIVIANOS||L1A|
MERCEDES BENZ,CL420|AUTOMOVILES|BAJO RIESGO 1|LIVIANOS||L1A|
MERCEDES BENZ,CL500|AUTOMOVILES|BAJO RIESGO 1|LIVIANOS||L1A|
MERCEDES BENZ,CL550|AUTOMOVILES|BAJO RIESGO 1|LIVIANOS|CL550|L1A|
MERCEDES BENZ,CLA|AUTOMOVILES|BAJO RIESGO 1|LIVIANOS||L1A|
MERCEDES BENZ,CLC 200|AUTOMOVILES|BAJO RIESGO 1|LIVIANOS|CLC 200|L1A|
MERCEDES BENZ,CLC200|AUTOMOVILES|BAJO RIESGO 1|LIVIANOS||L1A|
MERCEDES BENZ,CLC350|AUTOMOVILES|BAJO RIESGO 1|LIVIANOS||L1A|
RENAULT,CLIO|AUTOMOVILES|BAJO RIESGO 2|LIVIANOS||L1B|
RENAULT,CLIO II|AUTOMOVILES|BAJO RIESGO 2|LIVIANOS||L1B|
MERCEDES BENZ,CLK|AUTOMOVILES|BAJO RIESGO 1|LIVIANOS||L1A|
MERCEDES BENZ,CLK 200|AUTOMOVILES|BAJO RIESGO 1|LIVIANOS||L1A|
MERCEDES BENZ,CLK 230|AUTOMOVILES|BAJO RIESGO 1|LIVIANOS||L1A|
MERCEDES BENZ,CLK 240|AUTOMOVILES|BAJO RIESGO 1|LIVIANOS|CLK 230K|L1A|
MERCEDES BENZ,CLK 280|AUTOMOVILES|BAJO RIESGO 1|LIVIANOS||L1A|
MERCEDES BENZ,CLK 320|AUTOMOVILES|BAJO RIESGO 1|LIVIANOS||L1A|
MERCEDES BENZ,CLK 350|AUTOMOVILES|BAJO RIESGO 1|LIVIANOS||L1A|
MERCEDES BENZ,CLK 430|AUTOMOVILES|BAJO RIESGO 1|LIVIANOS|CLK 430|L1A|
MERCEDES BENZ,CLS 350|AUTOMOVILES|BAJO RIESGO 1|LIVIANOS|CLS 350|L1A|
MERCEDES BENZ,CLS 550|AUTOMOVILES|BAJO RIESGO 1|LIVIANOS|CLS 550|L1A|
FORD,CLUB WAGON|RURALES|BAJO RIESGO 1|LIVIANOS||L1A|
MINI,CLUBMAN|AUTOMOVILES|NO ASEGURABLE|LIVIANOS||LX|
CYCLER,CM|VEHICULOS MENORES|VEHICULOS MENORES|LIVIANOS||L9|
CHEVROLET,COBALT|AUTOMOVILES|BAJO RIESGO 2|LIVIANOS|COBALT|L1B|
CHEVROLET,COLORADO|PICK UP|BAJO RIESGO 2|LIVIANOS||L1B|
MITSUBISHI,COLT|AUTOMOVILES|BAJO RIESGO 1|LIVIANOS||L1A|
JEEP,COMMANDER|RURALES|BAJO RIESGO 1|LIVIANOS|COMMANDER|L1A|
JEEP,COMPASS|RURALES|BAJO RIESGO 1|LIVIANOS|COMPASS|L1A|
FORD,CONTOUR|AUTOMOVILES|BAJO RIESGO 1|LIVIANOS||L1A|
MINI,COOPER|AUTOMOVILES|NO ASEGURABLE|LIVIANOS|COOPER|LX|
SEAT,CORDOBA|AUTOMOVILES|BAJO RIESGO 2|LIVIANOS||L1B|
TOYOTA,COROLLA|AUTOMOVILES|MEDIANO RIESGO|LIVIANOS|COROLLA|L2|
TOYOTA,CORONA|AUTOMOVILES|BAJO RIESGO 1|LIVIANOS|CORONA|L1A|
TOYOTA,CORSA|AUTOMOVILES|BAJO RIESGO 1|LIVIANOS||L1A|
CHEVROLET,CORSA|AUTOMOVILES|BAJO RIESGO 2|LIVIANOS||L1B|
CHEVROLET,CORVETTE|AUTOMOVILES|BAJO RIESGO 2|LIVIANOS||L1B|
MERCURY,COUGAR|AUTOMOVILES|NO ASEGURABLE|LIVIANOS||LX|
MINI,COUNTRYMAN|AUTOMOVILES|NO ASEGURABLE|LIVIANOS|COUNTRYMAN|LX|
HYUNDAI,COUPE|AUTOMOVILES|BAJO RIESGO 1|LIVIANOS||L1A|
HONDA,COUPE|AUTOMOVILES|BAJO RIESGO 1|LIVIANOS||L1A|
GREAT WALL,COWRY|PANEL|CHINOS E INDIOS|LIVIANOS||L3|
HONDA,CR|VEHICULOS MENORES|NO ASEGURABLE|LIVIANOS||LX|
VOLKSWAGEN,CRAFTER|PANEL|PANEL|LIVIANOS|CRAFTER|L5|
TOYOTA,CRESSIDA|AUTOMOVILES|BAJO RIESGO 1|LIVIANOS|CRESSIDA|L1A|
VOLKSWAGEN,CROSSFOX|AUTOMOVILES|BAJO RIESGO 1|LIVIANOS|CROSSFOX|L1A|
TOYOTA,CROWN|AUTOMOVILES|BAJO RIESGO 1|LIVIANOS||L1A|
FORD,CROWN|AUTOMOVILES|BAJO RIESGO 1|LIVIANOS||L1A|
TOYOTA,CRUISER FJ|RURALES|BAJO RIESGO 1|LIVIANOS|CRUISER|L1A|
YAMAHA,CRUX|VEHICULOS MENORES|VEHICULOS MENORES|LIVIANOS||L9|
CHEVROLET,CRUZE|AUTOMOVILES|BAJO RIESGO 2|LIVIANOS|CRUZE|L1B|
HONDA,CR-V|AUTOMOVILES|BAJO RIESGO 1|LIVIANOS|CR-V|L1A|
CHANGAN,CS35|RURALES|CHINOS E INDIOS|LIVIANOS|CS35|L3|
CADILLAC,CTS|AUTOMOVILES|NO ASEGURABLE|LIVIANOS||LX|
HONDA,CTX|VEHICULOS MENORES|VEHICULOS MENORES|LIVIANOS||L9|
SUZUKI,CULTUS|AUTOMOVILES|MEDIANO RIESGO|LIVIANOS||L2|
DAIHATSU,CUORE|AUTOMOVILES|NO ASEGURABLE|LIVIANOS||LX|
TOYOTA,CURREN|AUTOMOVILES|BAJO RIESGO 1|LIVIANOS||L1A|
FORD,CUSTOM|PICK UP|PICK UP|LIVIANOS||L6|
CHEVROLET,CUSTOM|PICK UP|BAJO RIESGO 2|LIVIANOS||L1B|
OLDSMOBILE,CUTLASS|AUTOMOVILES|NO ASEGURABLE|LIVIANOS|CUTLASS|LX|
MAZDA,CX|AUTOMOVILES|BAJO RIESGO 1|LIVIANOS||L1A|
CHANGAN,CX20|AUTOMOVILES|CHINOS E INDIOS|LIVIANOS|CX20|L3|
TOYOTA,ACE|PANEL|PANEL|LIVIANOS||L5|
JAC,ACLASS|AUTOMOVILES|CHINOS E INDIOS|LIVIANOS||L3|
SSANGYONG,ACTYON|RURALES|BAJO RIESGO 2|LIVIANOS||L1B|
HONDA,ACURA|AUTOMOVILES|BAJO RIESGO 1|LIVIANOS||L1A|
NISSAN,AD|AUTOMOVILES|BAJO RIESGO 1|LIVIANOS||L1A|
NISSAN,AD VAN|RURALES|BAJO RIESGO 1|LIVIANOS|AD|L1A|
NISSAN,AD WAGON|AUTOMOVILES|BAJO RIESGO 1|LIVIANOS||L1A|
ZXAUTO,ADMIRAL|PICK UP|PICK UP|LIVIANOS||L6|
SUZUKI,AERIO|AUTOMOVILES|MEDIANO RIESGO|LIVIANOS|AERIO|L2|
FORD,AEROSTAR|PANEL|BAJO RIESGO 1|LIVIANOS|AEROSTAR|L1A|
YAMAHA,AG|VEHICULOS MENORES|VEHICULOS MENORES|LIVIANOS||L9|
FIAT,ALFA|AUTOMOVILES|BAJO RIESGO 1|LIVIANOS||L1A|
SEAT,ALHAMBRA|RURALES|BAJO RIESGO 2|LIVIANOS||L1B|
AUDI,ALL ROAD QUATRO|RURALES|BAJO RIESGO 1|LIVIANOS||L1A|
AUDI,ALLROAD|RURALES|BAJO RIESGO 1|LIVIANOS||L1A|
NISSAN,ALMERA|AUTOMOVILES|BAJO RIESGO 2|LIVIANOS|ALMERA|L1B|
CHANGAN,ALSVIN|AUTOMOVILES|CHINOS E INDIOS|LIVIANOS||L3|
SEAT,ALTEA|RURALES|BAJO RIESGO 2|LIVIANOS||L1B|
NISSAN,ALTIMA|AUTOMOVILES|BAJO RIESGO 1|LIVIANOS||L1A|
SUZUKI,ALTO|AUTOMOVILES|MEDIANO RIESGO|LIVIANOS|ALTO|L2|
KIA,AMANTI|AUTOMOVILES|BAJO RIESGO 1|LIVIANOS||L1A|
VOLKSWAGEN,AMAROK|PICK UP|PICK UP|LIVIANOS|AMAROK|L6|
VOLVO,AMAZON|AUTOMOVILES|BAJO RIESGO 1|LIVIANOS||L1A|
VOLKSWAGEN,AMAZON|AUTOMOVILES|BAJO RIESGO 1|LIVIANOS||L1A|
MERCEDES BENZ,AMG|AUTOMOVILES|BAJO RIESGO 1|LIVIANOS||L1A|
CHEVROLET,APACHE|PICK UP|BAJO RIESGO 2|LIVIANOS||L1B|
DAIHATSU,APPLAUSE|AUTOMOVILES|NO ASEGURABLE|LIVIANOS||LX|
SUZUKI,APV|PANEL|PANEL|LIVIANOS|APV|L5|
MAVILA,ARES|VEHICULOS MENORES|VEHICULOS MENORES|LIVIANOS||L9|
NISSAN,ARMADA|AUTOMOVILES|BAJO RIESGO 1|LIVIANOS|ARMADA|L1A|
KEEWAY,ARSEN|VEHICULOS MENORES|VEHICULOS MENORES|LIVIANOS||L9|
YAMAHA,AS|VEHICULOS MENORES|VEHICULOS MENORES|LIVIANOS||L9|
MITSUBISHI,ASPIRE|AUTOMOVILES|BAJO RIESGO 1|LIVIANOS||L1A|
CHEVROLET,ASTRA|AUTOMOVILES|BAJO RIESGO 2|LIVIANOS||L1B|
CHEVROLET,ASTRO VAN|PANEL|BAJO RIESGO 2|LIVIANOS||L1B|
MITSUBISHI,ASX|RURALES|BAJO RIESGO 1|LIVIANOS|ASX|L1A|
MAZDA,ATENZA|AUTOMOVILES|BAJO RIESGO 1|LIVIANOS||L1A|
HYUNDAI,ATOS|AUTOMOVILES|BAJO RIESGO 1|LIVIANOS||L1A|
TOYOTA,AURIS|AUTOMOVILES|BAJO RIESGO 1|LIVIANOS|AURIS|L1A|
BAJAJ,AUTORIKSHA|VEHICULOS MENORES|VEHICULOS MENORES|LIVIANOS||L9|
TOYOTA,AVALON|AUTOMOVILES|BAJO RIESGO 1|LIVIANOS|AVALON|L1A|
HYUNDAI,AVANTE|AUTOMOVILES|BAJO RIESGO 1|LIVIANOS|AVANTE|L1A|
TOYOTA,AVANZA|RURALES|BAJO RIESGO 1|LIVIANOS||L1A|
DODGE,AVENGER|AUTOMOVILES|NO ASEGURABLE|LIVIANOS||LX|
BAJAJ,AVENGER|VEHICULOS MENORES|VEHICULOS MENORES|LIVIANOS||L9|
NISSAN,AVENIR|AUTOMOVILES|BAJO RIESGO 1|LIVIANOS||L1A|
TOYOTA,AVENSIS|AUTOMOVILES|BAJO RIESGO 1|LIVIANOS|AVENSIS|L1A|
CHEVROLET,AVEO|AUTOMOVILES|BAJO RIESGO 2|LIVIANOS|AVEO|L1B|
MAZDA,AXELA|AUTOMOVILES|BAJO RIESGO 1|LIVIANOS||L1A|
HYUNDAI,AZERA|AUTOMOVILES|BAJO RIESGO 1|LIVIANOS||L1A|
MERCEDES BENZ,B 200|AUTOMOVILES|BAJO RIESGO 1|LIVIANOS|B 200|L1A|
JAC,B CROSS|AUTOMOVILES|CHINOS E INDIOS|LIVIANOS||L3|
MERCEDES BENZ,B180|AUTOMOVILES|BAJO RIESGO 1|LIVIANOS|B180|L1A|
MAZDA,B1800|PICK UP|PICK UP|LIVIANOS||L6|
MERCEDES BENZ,B200|AUTOMOVILES|BAJO RIESGO 1|LIVIANOS||L1A|
MAZDA,B2000|PICK UP|PICK UP|LIVIANOS||L6|
MAZDA,B2200|PICK UP|PICK UP|LIVIANOS||L6|
MAZDA,B2500|PICK UP|PICK UP|LIVIANOS||L6|
MAZDA,B2600|PICK UP|PICK UP|LIVIANOS||L6|
MAZDA,B2900|PICK UP|PICK UP|LIVIANOS||L6|
SUZUKI,BALENO|AUTOMOVILES|MEDIANO RIESGO|LIVIANOS|BALENO|L2|
NISSAN,BAMA|AUTOMOVILES|BAJO RIESGO 1|LIVIANOS||L1A|
NISSAN,BAYAL|AUTOMOVILES|BAJO RIESGO 1|LIVIANOS|BAYAL|L1A|
JAC,BCROSS|RURALES|CHINOS E INDIOS|LIVIANOS||L3|
CHERY,BEAT|RURALES|CHINOS E INDIOS|LIVIANOS||L3|
VOLKSWAGEN,BEETLE|AUTOMOVILES|BAJO RIESGO 1|LIVIANOS||L1A|
PLYMOUTH,BELVEDERE|AUTOMOVILES|NO ASEGURABLE|LIVIANOS||LX|
CHANGAN,BENNI|AUTOMOVILES|CHINOS E INDIOS|LIVIANOS|BENNI|L3|
CHANGAN,BENNY|AUTOMOVILES|CHINOS E INDIOS|LIVIANOS||L3|
PEUGEOT,BERLINA|AUTOMOVILES|BAJO RIESGO 1|LIVIANOS||L1A|
CITROEN,BERLINA|AUTOMOVILES|BAJO RIESGO 1|LIVIANOS||L1A|
BMW,BERLINA|AUTOMOVILES|BAJO RIESGO 1|LIVIANOS||L1A|
CITROEN,BERLINGO|PANEL|BAJO RIESGO 1|LIVIANOS|BERLINGO|L1A|
KIA,BESTA|PANEL|PANEL|LIVIANOS||L5|
FAW,BESTURN|AUTOMOVILES|CHINOS E INDIOS|LIVIANOS|BESTURN|L3|
PIAGGIO,BEVERLY|VEHICULOS MENORES|VEHICULOS MENORES|LIVIANOS||L9|
CADILLAC,BIARRITZ|AUTOMOVILES|NO ASEGURABLE|LIVIANOS||LX|
PEUGEOT,BIPPER|AUTOMOVILES|BAJO RIESGO 1|LIVIANOS|BIPPER|L1A|
CHEVROLET,BLAZER|RURALES|BAJO RIESGO 2|LIVIANOS|BLAZER|L1B|
NISSAN,BLUEBIRD|AUTOMOVILES|BAJO RIESGO 1|LIVIANOS|BLUEBIRD|L1A|
JMC,BOARDING|PICK UP|PICK UP|LIVIANOS||L6|
MAZDA,BONGO|PANEL|PANEL|LIVIANOS|BONGO|L5|
JMC,BOOMDAY|PICK UP|PICK UP|LIVIANOS||L6|
VOLKSWAGEN,BORA|AUTOMOVILES|BAJO RIESGO 2|LIVIANOS|BORA|L1B|
PEUGEOT,BOXER|PANEL|BAJO RIESGO 1|LIVIANOS|BOXER|L1A|
BAJAJ,BOXER|VEHICULOS MENORES|VEHICULOS MENORES|LIVIANOS|BOXER|L9|
PORSCHE,BOXSTER|AUTOMOVILES|NO ASEGURABLE|LIVIANOS||LX|
FIAT,BRAVA|AUTOMOVILES|BAJO RIESGO 1|LIVIANOS||L1A|
OLDSMOBILE,BRAVADA|RURALES|NO ASEGURABLE|LIVIANOS||LX|
FIAT,BRAVO|AUTOMOVILES|BAJO RIESGO 1|LIVIANOS||L1A|
ALFA ROMEO,BRERA|AUTOMOVILES|BAJO RIESGO 1|LIVIANOS||L1A|
FORD,BRONCO|RURALES|BAJO RIESGO 1|LIVIANOS|BRONCO|L1A|
KAWASAKI,BRUTE FORCE|VEHICULOS MENORES|VEHICULOS MENORES|LIVIANOS||L9|
MAZDA,BT50|PICK UP|PICK UP|LIVIANOS||L6|
CITROEN,BX|AUTOMOVILES|BAJO RIESGO 1|LIVIANOS||L1A|
MERCEDES BENZ,C 180|AUTOMOVILES|BAJO RIESGO 1|LIVIANOS|C180|L1A|
MERCEDES BENZ,C 200|AUTOMOVILES|BAJO RIESGO 1|LIVIANOS||L1A|
VOLKSWAGEN,ESCARABAJO|AUTOMOVILES|BAJO RIESGO 1|LIVIANOS||L1A|
FORD,ESCORT|AUTOMOVILES|BAJO RIESGO 1|LIVIANOS||L1A|
SUZUKI,ESCUDO|RURALES|MEDIANO RIESGO|LIVIANOS||L2|
DAEWOO,ESPERO|AUTOMOVILES|BAJO RIESGO 1|LIVIANOS||L1A|
SUZUKI,ESTEEM|AUTOMOVILES|MEDIANO RIESGO|LIVIANOS||L2|
HONDA,EX|AUTOMOVILES|BAJO RIESGO 1|LIVIANOS|EX|L1A|
HYUNDAI,EXCEL|AUTOMOVILES|BAJO RIESGO 1|LIVIANOS|EXCEL|L1A|
FORD,EXCURSION|RURALES|BAJO RIESGO 1|LIVIANOS||L1A|
SEAT,EXEO|AUTOMOVILES|BAJO RIESGO 2|LIVIANOS||L1B|
FORD,EXPEDITION|RURALES|BAJO RIESGO 1|LIVIANOS|EXPEDITION|L1A|
PEUGEOT,EXPERT|RURALES|BAJO RIESGO 1|LIVIANOS|EXPERT|L1A|
NISSAN,EXPERT|AUTOMOVILES|BAJO RIESGO 1|LIVIANOS|EXPERT|L1A|
FORD,EXPLORER|RURALES|BAJO RIESGO 1|LIVIANOS|EXPLORER|L1A|
MITSUBISHI,EXPO|RURALES|BAJO RIESGO 1|LIVIANOS||L1A|
CHEVROLET,EXPRESS VAN|RURALES|BAJO RIESGO 2|LIVIANOS|EXPRESS|L1B|
BYD,F0|AUTOMOVILES|CHINOS E INDIOS|LIVIANOS||L3|
FORD,F100|PICK UP|PICK UP|LIVIANOS||L6|
FORD,F150|PICK UP|PICK UP|LIVIANOS|F-150|L6|
FORD,F250|PICK UP|PICK UP|LIVIANOS||L6|
BYD,F3|AUTOMOVILES|CHINOS E INDIOS|LIVIANOS|F3|L3|
FORD,F3|PICK UP|PICK UP|LIVIANOS|F3|L6|
FORD,F300|PICK UP|PICK UP|LIVIANOS||L6|
FORD,F350|PICK UP|PICK UP|LIVIANOS|F350|L6|
FERRARI,F355|AUTOMOVILES|NO ASEGURABLE|LIVIANOS||LX|
FORD,F450|PICK UP|PICK UP|LIVIANOS|F450|L6|
FORD,F550|PICK UP|PICK UP|LIVIANOS||L6|
BMW,F650|VEHICULOS MENORES|VEHICULOS MENORES|LIVIANOS||L9|
FORD,F750|PICK UP|BAJO RIESGO 1|LIVIANOS|F750|L1A|
BMW,F800|VEHICULOS MENORES|VEHICULOS MENORES|LIVIANOS||L9|
SKODA,FABIA|AUTOMOVILES|BAJO RIESGO 1|LIVIANOS|FABIA|L1A|
CHERY,FACE|AUTOMOVILES|CHINOS E INDIOS|LIVIANOS|FACE|L3|
FORD,FAIRLANE|AUTOMOVILES|BAJO RIESGO 1|LIVIANOS||L1A|
FORD,FAIRMONT|AUTOMOVILES|BAJO RIESGO 1|LIVIANOS|FAIRMONT|L1A|
MAZDA,FAMILIA|AUTOMOVILES|BAJO RIESGO 1|LIVIANOS|FAMILIA|L1A|
HAIMA,FAMILY|AUTOMOVILES|CHINOS E INDIOS|LIVIANOS|FAMILY|L3|
UM,FASTWIND|VEHICULOS MENORES|VEHICULOS MENORES|LIVIANOS||L9|
YAMAHA,FAZER|VEHICULOS MENORES|VEHICULOS MENORES|LIVIANOS||L9|
SUZUKI,FB|VEHICULOS MENORES|VEHICULOS MENORES|LIVIANOS||L9|
DAIHATSU,FEROZA|RURALES|NO ASEGURABLE|LIVIANOS||LX|
FORD,FESTIVA|AUTOMOVILES|NO ASEGURABLE|LIVIANOS||LX|
NISSAN,FIERA|PICK UP|PICK UP|LIVIANOS|FIERA|L6|
FORD,FIESTA|AUTOMOVILES|NO ASEGURABLE|LIVIANOS|FIESTA|LX|
FIAT,FIORINO|PANEL|BAJO RIESGO 1|LIVIANOS|FIORINO|L1A|
HONDA,FIT|AUTOMOVILES|BAJO RIESGO 1|LIVIANOS|FIT|L1A|
TOYOTA,FJ CRUISER|RURALES|BAJO RIESGO 1|LIVIANOS||L1A|
GREAT WALL,FLORID|AUTOMOVILES|CHINOS E INDIOS|LIVIANOS|FLORID|L3|
RENAULT,FLUENCE|AUTOMOVILES|BAJO RIESGO 2|LIVIANOS||L1B|
FORD,FOCUS|AUTOMOVILES|BAJO RIESGO 1|LIVIANOS|FOCUS|L1A|
SUZUKI,FORENZA|AUTOMOVILES|MEDIANO RIESGO|LIVIANOS|FORENZA|L2|
SUBARU,FORESTER|RURALES|BAJO RIESGO 1|LIVIANOS|FORESTER|L1A|
KIA,FORTE|AUTOMOVILES|BAJO RIESGO 1|LIVIANOS|FORTE KOUP|L1A|
TOYOTA,FORTUNER|RURALES|BAJO RIESGO 1|LIVIANOS|FORTUNER|L1A|
CHEVROLET,FORZA|AUTOMOVILES|BAJO RIESGO 2|LIVIANOS||L1B|
VOLKSWAGEN,FOX|AUTOMOVILES|BAJO RIESGO 1|LIVIANOS||L1A|
LAND ROVER,FREELANDER|RURALES|BAJO RIESGO 1|LIVIANOS||L1A|
HAIMA,FREEMA|AUTOMOVILES|CHINOS E INDIOS|LIVIANOS||L3|
NISSAN,FRONTIER|PICK UP|PICK UP|LIVIANOS|FRONTIER|L6|
BRILLIANCE,FRV|AUTOMOVILES|CHINOS E INDIOS|LIVIANOS||L3|
HAIMA,FSTAR|PANEL|PANEL|LIVIANOS|F-STAR|L5|
BRILLIANCE,FSV|AUTOMOVILES|CHINOS E INDIOS|LIVIANOS|FSV|L3|
ITALIKA,FT|VEHICULOS MENORES|VEHICULOS MENORES|LIVIANOS|FT|L9|
CHERY,FULWIN|AUTOMOVILES|CHINOS E INDIOS|LIVIANOS|FULWIN|L3|
NISSAN,FURGON|PANEL|PANEL|LIVIANOS|FURGON|L5|
FAW,FV70|PANEL|CHINOS E INDIOS|LIVIANOS||L3|
INFINITI,FX|RURALES|NO ASEGURABLE|LIVIANOS||LX|
YAMAHA,FZ|VEHICULOS MENORES|VEHICULOS MENORES|LIVIANOS||L9|
BYD,G3|AUTOMOVILES|CHINOS E INDIOS|LIVIANOS||L3|
MERCEDES BENZ,G400|RURALES|BAJO RIESGO 1|LIVIANOS||L1A|
PONTIAC,G5|AUTOMOVILES|NO ASEGURABLE|LIVIANOS|G5|LX|
MERCEDES BENZ,G55|RURALES|BAJO RIESGO 1|LIVIANOS||L1A|
PONTIAC,G6|AUTOMOVILES|NO ASEGURABLE|LIVIANOS||LX|
BMW,G650|VEHICULOS MENORES|VEHICULOS MENORES|LIVIANOS||L9|
TOYOTA,GAIA|RURALES|BAJO RIESGO 1|LIVIANOS|GAIA|L1A|
MITSUBISHI,GALANT|AUTOMOVILES|BAJO RIESGO 1|LIVIANOS||L1A|
HYUNDAI,GALLOPER|RURALES|BAJO RIESGO 1|LIVIANOS||L1A|
ISUZU,GEMINI|AUTOMOVILES|NO ASEGURABLE|LIVIANOS||LX|
HYUNDAI,GENESIS|AUTOMOVILES|NO ASEGURABLE|LIVIANOS||LX|
MAHINDRA,GENIO|PICK UP|PICK UP|LIVIANOS|GENIO|L6|
HYUNDAI,GETZ|AUTOMOVILES|BAJO RIESGO 1|LIVIANOS||L1A|
SUBARU,GL|AUTOMOVILES|NO ASEGURABLE|LIVIANOS||LX|
MERCEDES BENZ,GL 450|RURALES|BAJO RIESGO 1|LIVIANOS|GL 450|L1A|
HONDA,GL125|VEHICULOS MENORES|VEHICULOS MENORES|LIVIANOS|GL125|L9|
MERCEDES BENZ,GL450|RURALES|BAJO RIESGO 1|LIVIANOS||L1A|
MERCEDES BENZ,GL500|RURALES|BAJO RIESGO 1|LIVIANOS||L1A|
VOLKSWAGEN,GLI|AUTOMOVILES|BAJO RIESGO 1|LIVIANOS||L1A|
MERCEDES BENZ,GLK|RURALES|BAJO RIESGO 1|LIVIANOS|GLK|L1A|
MERCEDES BENZ,GLK 280|RURALES|BAJO RIESGO 1|LIVIANOS|GLK 280|L1A|
MERCEDES BENZ,GLK 300|RURALES|BAJO RIESGO 1|LIVIANOS|GLK 300|L1A|
MERCEDES BENZ,GLK300|RURALES|BAJO RIESGO 1|LIVIANOS|GLK300|L1A|
SUZUKI,GN|VEHICULOS MENORES|VEHICULOS MENORES|LIVIANOS||L9|
DATSUN,GNL|PICK UP|PICK UP|LIVIANOS||L6|
VOLKSWAGEN,GOL|AUTOMOVILES|BAJO RIESGO 2|LIVIANOS|GOL|L1B|
VOLKSWAGEN,GOLF|AUTOMOVILES|BAJO RIESGO 2|LIVIANOS|GOLF|L1B|
HYUNDAI,GRACE|PANEL|BAJO RIESGO 1|LIVIANOS|GRACE|L1A|
MASERATI,GRAN TURISMO|AUTOMOVILES|NO ASEGURABLE|LIVIANOS||LX|
MITSUBISHI,GRANADA|RURALES|BAJO RIESGO 1|LIVIANOS|GRANADA|L1A|
FORD,GRANADA|AUTOMOVILES|BAJO RIESGO 1|LIVIANOS|GRANADA|L1A|
JEEP,GRAND CHEROKEE|RURALES|BAJO RIESGO 1|LIVIANOS|GRAND CHEROKEE|L1A|
SUZUKI,GRAND NOMADE|RURALES|BAJO RIESGO 1|LIVIANOS|GRAND NOMADE|L1A|
PONTIAC,GRAND PRIX|AUTOMOVILES|NO ASEGURABLE|LIVIANOS||LX|
VOLVO,CX60|RURALES|BAJO RIESGO 1|LIVIANOS||L1A|
TOYOTA,CYNOS|AUTOMOVILES|BAJO RIESGO 1|LIVIANOS||L1A|
DODGE,D100|PICK UP|PICK UP|LIVIANOS||L6|
CHEVROLET,D20|PICK UP|BAJO RIESGO 2|LIVIANOS||L1B|
DODGE,D50|PICK UP|PICK UP|LIVIANOS||L6|
AUDI,Q2|CAMIONETA|BAJO RIESGO 1|LIVIANOS||L1A|SI
AUDI,Q5 ATTRACTION 2 0 TFSI|CAMIONETA|BAJO RIESGO 1|LIVIANOS||L1A|SI
AUDI,RS4|AUTOMOVILES|BAJO RIESGO 1|LIVIANOS||L1A|SI
AUDI,RS5|AUTOMOVILES|NO ASEGURABLE||RS5|LX|SI
AUDI,RS6|CAMIONETA|NO ASEGURABLE||RS6|LX|SI
AUDI,RS7|AUTOMOVILES|NO ASEGURABLE|||LX|SI
AUDI,SQ|CAMIONETA|BAJO RIESGO 1|LIVIANOS||L1A|SI
CHANGAN,CX70|CAMIONETA|CHINO|LIVIANOS|CX70|L3|SI
YUMBO,DAKAR|VEHICULOS MENORES|VEHICULOS MENORES|LIVIANOS|DAKAR|L9|
DODGE,DAKOTA|PICK UP|PICK UP|LIVIANOS|DAKOTA|L6|
DAEWOO,DAMAS|PANEL|BAJO RIESGO 1|LIVIANOS|DAMAS|L1A|
DODGE,DART|AUTOMOVILES|NO ASEGURABLE|LIVIANOS||LX|
NISSAN,DATSUN|PICK UP|PICK UP|LIVIANOS||L6|
CHANGAN,MINIVAN|CAMIONETA|VAN||||SI
MAHINDRA,DC TDI|RURALES|CHINOS E INDIOS|LIVIANOS||L3|
CHANGAN,SC 1026|CAMIONETA|PICK UP|LIVIANOS||L6|SI
CHANGAN,SC6|CAMIONETA|PANEL|||L5|SI
GREAT WALL,DEER|PICK UP|PICK UP|LIVIANOS|DEER|L6|
LAND ROVER,DEFENDER|RURALES|BAJO RIESGO 1|LIVIANOS|DEFENDER|L1A|
CHANGAN,SC6363B3|CAMIONETA|PANEL||SC6363B3|L5|SI
MITSUBISHI,DELICA|PANEL|PANEL|LIVIANOS||L5|
CHANGAN,TFR |SEMI-REMOLQUE|PICK UP|LIVIANOS||L6|SI
CHERY,K60|CAMIONETA|CHINO|LIVIANOS|K60|L3|SI
CHERY,NEW TIGGO 4|CAMIONETA|CHINO|LIVIANOS|NEW TIGGO 4|L3|SI
CHERY,Q22|CAMIONETA|VAN||||SI
MAZDA,DEMIO|AUTOMOVILES|BAJO RIESGO 1|LIVIANOS||L1A|
CHERY,S22|CAMIONETA|VAN||S22||SI
CHEVROLET,CAMARO COUPE 6.2 V8 SS AT|AUTOMOVILES|NO ASEGURABLE||CAMARO COUPE 6.2 V8 SS AT|LX|SI
CHEVROLET,N200|CAMIONETA|VAN||N200||SI
CHEVROLET,N300|CAMIONETA|VAN||N300||SI
CHEVROLET,S 10|CAMIONETA|PICK UP|LIVIANOS||L6|SI
CHEVROLET,SPIN|CAMIONETA|BAJO RIESGO 3||SPIN||SI
CHRYSLER,VOYAGER V AMERICANA|CAMIONETA|VERSION AMERICANA|||L10|SI
CHRYSLER,X TRUCK|AUTOMOVILES|BAJO RIESGO 1|LIVIANOS||L1A|SI
CITROEN,BERLINGO|CAMIONETA|BAJO RIESGO 1|LIVIANOS|BERLINGO|L1A|SI
CITROEN,C-ELYSSE|AUTOMOVILES|BAJO RIESGO 1|LIVIANOS|C-ELYSSE|L1A|SI
DAIHATSU,GRAN MOVE|CAMIONETA|BAJO RIESGO 1|LIVIANOS||L1A|SI
DODGE,DURANGO|CAMIONETA|BAJO RIESGO 1|LIVIANOS|DURANGO|L1A|SI
DONGFENG,GLORY|CAMIONETA|CHINO|LIVIANOS||L3|SI
DONGFENG,JOYEAR|CAMIONETA|VAN||JOYEAR||SI
DONGFENG,JOYEAR SX6|CAMIONETA|CHINO|LIVIANOS|JOYEAR SX6|L3|SI
DONGFENG,K61|CAMIONETA|PANEL|||L5|SI
DONGFENG,S30|AUTOMOVILES|CHINO|LIVIANOS||L3|SI
FAW,S80 |CAMIONETA|CHINO|LIVIANOS||L3|SI
FAW,TJ|AUTOMOVILES|CHINO|LIVIANOS||L3|SI
FAW,V77|CAMIONETA|VAN||||SI
FAW,V80|CAMIONETA|BAJO RIESGO 1|LIVIANOS|V80|L1A|SI
FIAT,SIENNA|AUTOMOVILES|BAJO RIESGO 2|LIVIANOS|SIENNA|L1B|SI
FORD,BMAX|CAMIONETA|BAJO RIESGO 1|LIVIANOS||L1A|SI
MITSUBISHI,DIAMANTE|AUTOMOVILES|BAJO RIESGO 1|LIVIANOS||L1A|
MAVILA,DIAVOLO|VEHICULOS MENORES|VEHICULOS MENORES|LIVIANOS|DIAVOLO|L9|
MITSUBISHI,DION|PANEL|PANEL|LIVIANOS||L5|
DODGE,DIPLOMAT|AUTOMOVILES|NO ASEGURABLE|LIVIANOS||LX|
BAJAJ,DISCOVER|VEHICULOS MENORES|VEHICULOS MENORES|LIVIANOS|DISCOVER|L9|
LAND ROVER,DISCOVERY|RURALES|BAJO RIESGO 1|LIVIANOS|DISCOVERY|L1A|
FORD,F 150|CAMIONETA|PICK UP|LIVIANOS||L6|SI
SUBARU,DL|AUTOMOVILES|NO ASEGURABLE|LIVIANOS|DL|LX|
FORD,F150|CAMIONETA|PICK UP|LIVIANOS|F-150|L6|SI
FORD,FREESTAR|CAMIONETA|BAJO RIESGO 1|LIVIANOS|FREESTAR|L1A|SI
FORD,TITANIUM|CAMIONETA|BAJO RIESGO 1|LIVIANOS|TITANIUM|L1A|SI
FOTON,SAVANA|CAMIONETA|CHINO|LIVIANOS||L3|SI
FOTON,TUNLAND|CAMIONETA|PICK UP|LIVIANOS|TUNLAND|L6|SI
CHEVROLET,DMAX|PICK UP|BAJO RIESGO 2|LIVIANOS||L1B|
GEELY,GX|AUTOMOVILES|CHINO|LIVIANOS|GX|L3|SI
GEELY,MK2|CAMIONETA|CHINO|LIVIANOS||L3|SI
FIAT,DOBLO|RURALES|BAJO RIESGO 1|LIVIANOS|DOBLO|L1A|
HAIMA,F STAR|CAMIONETA|PANEL|||L5|SI
HAIMA,FAMILY|AUTOMOVILES|CHINO|LIVIANOS|FAMILY|L3|SI
HONDA,DOMANI|AUTOMOVILES|BAJO RIESGO 1|LIVIANOS||L1A|
HAIMA,VITA|CAMIONETA|PANEL|||L5|SI
SUZUKI,DR|VEHICULOS MENORES|VEHICULOS MENORES|LIVIANOS|DR|L9|
UM,DS|VEHICULOS MENORES|VEHICULOS MENORES|LIVIANOS||L9|
ITALIKA,DS|VEHICULOS MENORES|VEHICULOS MENORES|LIVIANOS||L9|
CITROEN,DS3|AUTOMOVILES|BAJO RIESGO 1|LIVIANOS|DS3|L1A|
CITROEN,DS4|AUTOMOVILES|BAJO RIESGO 1|LIVIANOS||L1A|
YAMAHA,DT|VEHICULOS MENORES|VEHICULOS MENORES|LIVIANOS||L9|
HONDA,CIVIC CETICO|AUTOMOVILES|TIMON CAMBIADO|||L4|SI
FIAT,DUCATO|PANEL|BAJO RIESGO 1|LIVIANOS|DUCATO|L1A|
TOYOTA,DUET|AUTOMOVILES|BAJO RIESGO 1|LIVIANOS||L1A|
HONDA,CRV|CAMIONETA|BAJO RIESGO 2|LIVIANOS|CR-V|L1B|SI
HONDA,ODYSSEY V  AMERICANA|CAMIONETA|BAJO RIESGO 2|LIVIANOS||L1B|SI
HONDA,PILOT V AMERICANA|CAMIONETA|BAJO RIESGO 1|LIVIANOS||L1A|SI
DODGE,DURANGO|RURALES|BAJO RIESGO 1|LIVIANOS|DURANGO|L1A|
CHEVROLET,DURANGO|RURALES|BAJO RIESGO 2|LIVIANOS|DURANGO|L1B|
RENAULT,DUSTER|RURALES|BAJO RIESGO 2|LIVIANOS|DUSTER|L1B|
HYUNDAI,GRETA|CAMIONETA|BAJO RIESGO 1|LIVIANOS|GRETA|L1A|SI
HYUNDAI,H100|CAMION|PESADOS||H1|P1|SI
HYUNDAI,NEW TUCSON|CAMIONETA|BAJO RIESGO 1|LIVIANOS|TUCSON|L1A|SI
JAGUAR,F|CAMIONETA|BAJO RIESGO 1|LIVIANOS||L1A|SI
JAGUAR,F-PACE|CAMIONETA|BAJO RIESGO 1|LIVIANOS|F-PACE|L1A|SI
JEEP,COMPASS LONGITUDE|CAMIONETA|BAJO RIESGO 1|LIVIANOS|COMPASS LONGITUDE|L1A|SI
JEEP,DFA1102|CAMIONETA|VERSION AMERICANA|||L10|SI
JEEP,GRAND CHEROKEE V AMERICANA|CAMIONETA|BAJO RIESGO 1|LIVIANOS||L1A|SI
JEEP,LIBERTY V AMERICANA|CAMIONETA|VERSION AMERICANA||LIBERTY|L10|SI
JEEP,RENEGADE|CAMIONETA|BAJO RIESGO 1|LIVIANOS|RENEGADE|L1A|SI
KIA,RIO CETICO|AUTOMOVILES|ALTO RIESGO||||SI
MERCEDES BENZ,E 200|AUTOMOVILES|BAJO RIESGO 1|LIVIANOS|E 200|L1A|
MERCEDES BENZ,E 230|AUTOMOVILES|BAJO RIESGO 1|LIVIANOS||L1A|
MERCEDES BENZ,E 280|AUTOMOVILES|BAJO RIESGO 1|LIVIANOS||L1A|
MERCEDES BENZ,E 320|AUTOMOVILES|BAJO RIESGO 1|LIVIANOS||L1A|
MERCEDES BENZ,E 350|AUTOMOVILES|BAJO RIESGO 1|LIVIANOS|E 250|L1A|
MERCEDES BENZ,E200|AUTOMOVILES|BAJO RIESGO 1|LIVIANOS||L1A|
MERCEDES BENZ,E220|AUTOMOVILES|BAJO RIESGO 1|LIVIANOS||L1A|
MERCEDES BENZ,E230|AUTOMOVILES|BAJO RIESGO 1|LIVIANOS||L1A|
MERCEDES BENZ,E240|AUTOMOVILES|BAJO RIESGO 1|LIVIANOS||L1A|
MERCEDES BENZ,E250|AUTOMOVILES|BAJO RIESGO 1|LIVIANOS||L1A|
MERCEDES BENZ,E280|AUTOMOVILES|BAJO RIESGO 1|LIVIANOS||L1A|
MERCEDES BENZ,E290|AUTOMOVILES|BAJO RIESGO 1|LIVIANOS|E290|L1A|
MERCEDES BENZ,E300|AUTOMOVILES|BAJO RIESGO 1|LIVIANOS||L1A|
MERCEDES BENZ,E320|AUTOMOVILES|BAJO RIESGO 1|LIVIANOS||L1A|
LAND ROVER,LR2|CAMIONETA|BAJO RIESGO 1|LIVIANOS|LR2|L1A|SI
LAND ROVER,ROVER|CAMIONETA|BAJO RIESGO 1|LIVIANOS||L1A|SI
LAND ROVER,SPORT|CAMIONETA|BAJO RIESGO 1|LIVIANOS|SPORT|L1A|SI
LIFAN,LF 6401|CAMIONETA|PICK UP|LIVIANOS|LF 6401|L6|SI
MERCEDES BENZ,E350|AUTOMOVILES|BAJO RIESGO 1|LIVIANOS|E350|L1A|
FORD,E350|PANEL|BAJO RIESGO 1|LIVIANOS|E350|L1A|
MERCEDES BENZ,E420|AUTOMOVILES|BAJO RIESGO 1|LIVIANOS||L1A|
MERCEDES BENZ,E430|AUTOMOVILES|BAJO RIESGO 1|LIVIANOS||L1A|
LIFAN,LF 6420|CAMIONETA|VAN||||SI
LIFAN,LF 6430|CAMIONETA|CHINO|LIVIANOS||L3|SI
MERCEDES BENZ,E500|AUTOMOVILES|BAJO RIESGO 1|LIVIANOS||L1A|
LIFAN,LF 7132|AUTOMOVILES|CHINO|LIVIANOS||L3|SI
LIFAN,LF 7162|CAMIONETA|CHINO|LIVIANOS||L3|SI
MASERATTI,CAMBIOCORSA|AUTOMOVILES|BAJO RIESGO 1|LIVIANOS||L1A|SI
MAZDA,3|AUTOMOVILES|MEDIANO RIESGO||3|L2|SI
MAZDA,B2000|CAMIONETA|PICK UP|LIVIANOS||L6|SI
MERCEDES BENZ,E51|AUTOMOVILES|BAJO RIESGO 1|LIVIANOS||L1A|
GEELY,EC|AUTOMOVILES|CHINOS E INDIOS|LIVIANOS||L3|
MITSUBISHI,ECLIPSE|AUTOMOVILES|NO ASEGURABLE|LIVIANOS|ECLIPSE|LX|
FORD,ECONOLINE|RURALES|BAJO RIESGO 1|LIVIANOS|ECONOLINE|L1A|
FORD,ECOSPORT|RURALES|BAJO RIESGO 1|LIVIANOS|ECOSPORT|L1A|
FORD,EDGE|RURALES|BAJO RIESGO 1|LIVIANOS|EDGE|L1A|
HYUNDAI,ELANTRA|AUTOMOVILES|BAJO RIESGO 2|LIVIANOS|ELANTRA|L1B|
FIAT,ELBA WEEKEND|AUTOMOVILES|BAJO RIESGO 1|LIVIANOS||L1A|
CADILLAC,ELDORADO|AUTOMOVILES|NO ASEGURABLE|LIVIANOS||LX|
MAVILA,ELEGANCE|VEHICULOS MENORES|VEHICULOS MENORES|LIVIANOS||L9|
HONDA,ELITE|VEHICULOS MENORES|VEHICULOS MENORES|LIVIANOS||L9|
CITROEN,ELYSEE|AUTOMOVILES|BAJO RIESGO 1|LIVIANOS||L1A|
GEELY,EMGRAND|AUTOMOVILES|CHINOS E INDIOS|LIVIANOS||L3|
MITSUBISHI,ENDEAVOR|RURALES|BAJO RIESGO 1|LIVIANOS||L1A|
HYUNDAI,EON|AUTOMOVILES|BAJO RIESGO 2|LIVIANOS|EON|L1B|
DONG FENG,EQ1020|PICK UP|PICK UP|LIVIANOS|EQ1020|L6|
DONG FENG,EQ1021|PICK UP|PICK UP|LIVIANOS|EQ1021|L6|
CHEVROLET,EQUINOX|RURALES|BAJO RIESGO 2|LIVIANOS||L1B|
HYUNDAI,EQUUS|AUTOMOVILES|BAJO RIESGO 1|LIVIANOS|EQUUS|L1A|
LEXUS,ES|AUTOMOVILES|BAJO RIESGO 1|LIVIANOS||L1A|
CADILLAC,ESCALADE|AUTOMOVILES|NO ASEGURABLE|LIVIANOS||LX|
FORD,ESCAPE|RURALES|BAJO RIESGO 1|LIVIANOS|ESCAPE|L1A|
BAW,INCAPOWER|PICK UP|PICK UP|LIVIANOS|INCAPOWER|L6|
HONDA,INSPIRE|AUTOMOVILES|BAJO RIESGO 1|LIVIANOS||L1A|
ACURA,INTEGRA|AUTOMOVILES|NO ASEGURABLE|LIVIANOS||LX|
HONDA,INTEGRA|AUTOMOVILES|BAJO RIESGO 1|LIVIANOS||L1A|
LEXUS,IS|AUTOMOVILES|BAJO RIESGO 1|LIVIANOS|IS|L1A|
LEXUS,IS 300|AUTOMOVILES|BAJO RIESGO 1|LIVIANOS|IS|L1A|
LEXUS,IS 350|AUTOMOVILES|BAJO RIESGO 1|LIVIANOS||L1A|
TOYOTA,ISIS|RURALES|BAJO RIESGO 1|LIVIANOS||L1A|
TOYOTA,IST|AUTOMOVILES|BAJO RIESGO 1|LIVIANOS||L1A|
FORD,J100|PANEL|BAJO RIESGO 1|LIVIANOS||L1A|
VOLKSWAGEN,JETTA|AUTOMOVILES|BAJO RIESGO 1|LIVIANOS|JETTA|L1A|
GMC,JIMMY|RURALES|NO ASEGURABLE|LIVIANOS|JIMMY|LX|
SUZUKI,JIMNY|RURALES|MEDIANO RIESGO|LIVIANOS||L2|
DATSUN,JNL|AUTOMOVILES|NO ASEGURABLE|LIVIANOS||LX|
MINI,JOHN COOPER|AUTOMOVILES|NO ASEGURABLE|LIVIANOS||LX|
DODGE,JOURNEY|RURALES|BAJO RIESGO 1|LIVIANOS||L1A|
NISSAN,JUKE|RURALES|BAJO RIESGO 1|LIVIANOS|JUKE|L1A|
CITROEN,JUMPER|PANEL|BAJO RIESGO 1|LIVIANOS|JUMPER|L1A|
HAFEI,JUNYI|PANEL|PANEL|LIVIANOS|JUNYI|L5|
SUBARU,JUSTY|AUTOMOVILES|NO ASEGURABLE|LIVIANOS|JUSTY|LX|
FORD,KA|AUTOMOVILES|BAJO RIESGO 1|LIVIANOS||L1A|
CHEVROLET,KADETT|AUTOMOVILES|BAJO RIESGO 2|LIVIANOS||L1B|
DAEWOO,KALOS|AUTOMOVILES|BAJO RIESGO 1|LIVIANOS||L1A|
CHEVROLET,KALOS|AUTOMOVILES|BAJO RIESGO 2|LIVIANOS||L1B|
RENAULT,KANGOO|PANEL|PANEL|LIVIANOS|KANGOO|L5|
SSANGYONG,KAYROM|AUTOMOVILES|BAJO RIESGO 1|LIVIANOS||L1A|
NISSAN,KING|PICK UP|PICK UP|LIVIANOS||L6|
SUZUKI,KIZASHI|AUTOMOVILES|MEDIANO RIESGO|LIVIANOS||L2|
KAWASAKI,KL|VEHICULOS MENORES|VEHICULOS MENORES|LIVIANOS||L9|
KIA,KM|RURALES|BAJO RIESGO 1|LIVIANOS||L1A|
RENAULT,KOLEOS|RURALES|BAJO RIESGO 2|LIVIANOS|KOLEOS|L1B|
VOLKSWAGEN,KOMBI|PANEL|PANEL|LIVIANOS|KOMBI|L5|
SSANGYONG,KORANDO|AUTOMOVILES|BAJO RIESGO 1|LIVIANOS||L1A|
DAEWOO,KORANDO|RURALES|BAJO RIESGO 1|LIVIANOS||L1A|
KIA,KOUP|AUTOMOVILES|BAJO RIESGO 1|LIVIANOS|KOUP|L1A|
TOYOTA,KUN|PICK UP|PICK UP|LIVIANOS||L6|
SSANGYONG,KYRON|AUTOMOVILES|BAJO RIESGO 1|LIVIANOS||L1A|
MITSUBISHI,L100|PANEL|PANEL|LIVIANOS||L5|
MITSUBISHI,L200|PICK UP|PICK UP|LIVIANOS|L200|L6|
MITSUBISHI,L300|PANEL|PANEL|LIVIANOS|L 300|L5|
NISSAN,LUCINO|AUTOMOVILES|BAJO RIESGO 1|LIVIANOS||L1A|
CHEVROLET,LUMINA|AUTOMOVILES|BAJO RIESGO 2|LIVIANOS||L1B|
CHEVROLET,LUV|PICK UP|BAJO RIESGO 2|LIVIANOS|LUV|L1B|
HAFEI,LUZUN|PANEL|PANEL|LIVIANOS|LUZUN|L5|
LEXUS,LX|AUTOMOVILES|BAJO RIESGO 1|LIVIANOS|LX|L1A|
LEXUS,LX 570|AUTOMOVILES|BAJO RIESGO 1|LIVIANOS||L1A|
LEXUS,LX570|AUTOMOVILES|BAJO RIESGO 1|LIVIANOS|LX|L1A|
HONDA,LXS|AUTOMOVILES|BAJO RIESGO 1|LIVIANOS||L1A|
MAZDA,M1|AUTOMOVILES|BAJO RIESGO 1|LIVIANOS|M1|L1A|
FORD,M151|RURALES|BAJO RIESGO 1|LIVIANOS||L1A|
MAZDA,M3|AUTOMOVILES|BAJO RIESGO 1|LIVIANOS|M3|L1A|
BMW,M3|AUTOMOVILES|NO ASEGURABLE|LIVIANOS|M3|LX|
BMW,M5|AUTOMOVILES|NO ASEGURABLE|LIVIANOS|M5|LX|
BMW,M6|AUTOMOVILES|NO ASEGURABLE|LIVIANOS|M6|LX|
DODGE,MAGNUM|AUTOMOVILES|NO ASEGURABLE|LIVIANOS||LX|
CHEVROLET,MAGNUM|AUTOMOVILES|BAJO RIESGO 2|LIVIANOS||L1B|
DAEWOO,MAGNUS|AUTOMOVILES|NO ASEGURABLE|LIVIANOS|MAGNUS|LX|
CHEVROLET,MALIBU|AUTOMOVILES|BAJO RIESGO 2|LIVIANOS|MALIBU|L1B|
NISSAN,MARCH|AUTOMOVILES|BAJO RIESGO 1|LIVIANOS|MARCH|L1A|
TOYOTA,MARK|AUTOMOVILES|BAJO RIESGO 1|LIVIANOS||L1A|
SUZUKI,MARUTI|AUTOMOVILES|MEDIANO RIESGO|LIVIANOS|MARUTI|L2|
RENAULT,MASTER|PANEL|PANEL|LIVIANOS|MASTER|L5|
DAEWOO,MATIZ|AUTOMOVILES|NO ASEGURABLE|LIVIANOS||LX|
HYUNDAI,MATRIX|AUTOMOVILES|BAJO RIESGO 1|LIVIANOS||L1A|
UM,MAX|VEHICULOS MENORES|VEHICULOS MENORES|LIVIANOS|MAX|L9|
NISSAN,MAXIMA|AUTOMOVILES|BAJO RIESGO 1|LIVIANOS||L1A|
MAZDA,MAZDA 2|AUTOMOVILES|BAJO RIESGO 2|LIVIANOS|2|L1B|
MAZDA,MAZDA 3|AUTOMOVILES|MEDIANO RIESGO|LIVIANOS|3|L2|
MAZDA,MAZDA 5|AUTOMOVILES|BAJO RIESGO 1|LIVIANOS|5|L1A|
MAZDA,MAZDA 6|AUTOMOVILES|BAJO RIESGO 1|LIVIANOS|6|L1A|
MAZDA,MAZDA2|AUTOMOVILES|BAJO RIESGO 2|LIVIANOS||L1B|
MAZDA,MAZDA3|AUTOMOVILES|MEDIANO RIESGO|LIVIANOS|3|L2|
MAZDA,MAZDA6|AUTOMOVILES|BAJO RIESGO 1|LIVIANOS||L1A|
MERCEDES BENZ,MB100|PANEL|PANEL|LIVIANOS||L5|
MERCEDES BENZ,MB140|PANEL|PANEL|LIVIANOS||L5|
HONDA,MC|VEHICULOS MENORES|VEHICULOS MENORES|LIVIANOS||L9|
ACURA,MDX|AUTOMOVILES|NO ASEGURABLE|LIVIANOS||LX|
RENAULT,MEGANE|AUTOMOVILES|BAJO RIESGO 2|LIVIANOS||L1B|
AUSTIN,METRO|AUTOMOVILES|NO ASEGURABLE|LIVIANOS|METRO|LX|
MG,MG|AUTOMOVILES|CHINOS E INDIOS|LIVIANOS||L3|
FOTON,MIDI|PANEL|CHINOS E INDIOS|LIVIANOS|MIDI|L3|
BMW,MINI|AUTOMOVILES|BAJO RIESGO 1|LIVIANOS||L1A|
HAFEI,MINYI|PANEL|PANEL|LIVIANOS|MINYI|L5|
MITSUBISHI,MIRAGE|AUTOMOVILES|BAJO RIESGO 1|LIVIANOS|MIRAGE|L1A|
RENAULT,LAGUNA|AUTOMOVILES|BAJO RIESGO 2|LIVIANOS|LAGUNA|L1B|
MITSUBISHI,LANCER|AUTOMOVILES|BAJO RIESGO 2|LIVIANOS|LANCER|L1B|
TOYOTA,LAND CRUISER|RURALES|BAJO RIESGO 1|LIVIANOS|LAND CRUISER|L1A|
TOYOTA,LAND CRUISER PRADO|RURALES|BAJO RIESGO 1|LIVIANOS|LAND CRUISER PRADO|L1A|
ZXAUTO,LANDMARK|RURALES|CHINOS E INDIOS|LIVIANOS||L3|
JMC,LANDWIND|RURALES|NO ASEGURABLE|LIVIANOS||LX|
DAEWOO,LANOS|AUTOMOVILES|BAJO RIESGO 1|LIVIANOS||L1A|
JEEP,LAREDO|RURALES|BAJO RIESGO 1|LIVIANOS||L1A|
NISSAN,LAUREL|AUTOMOVILES|BAJO RIESGO 1|LIVIANOS||L1A|
RONCO,LAUZHER|VEHICULOS MENORES|VEHICULOS MENORES|LIVIANOS||L9|
GEELY,LC|AUTOMOVILES|CHINOS E INDIOS|LIVIANOS||L3|
CHRYSLER,LE BARON|AUTOMOVILES|NO ASEGURABLE|LIVIANOS||LX|
SUBARU,LEGACY|AUTOMOVILES|BAJO RIESGO 1|LIVIANOS|LEGACY|L1A|
DAEWOO,LEGANZA|AUTOMOVILES|BAJO RIESGO 1|LIVIANOS||L1A|
ACURA,LEGEND|AUTOMOVILES|NO ASEGURABLE|LIVIANOS|LEGEND|LX|
HONDA,LEGEND|AUTOMOVILES|BAJO RIESGO 1|LIVIANOS|LEGEND|L1A|
DAEWOO,LEMANS|AUTOMOVILES|NO ASEGURABLE|LIVIANOS|LEMANS|LX|
SEAT,LEON|AUTOMOVILES|NO ASEGURABLE|LIVIANOS||LX|
SUBARU,LEONE|AUTOMOVILES|NO ASEGURABLE|LIVIANOS||LX|
TOYOTA,LEXUS|AUTOMOVILES|BAJO RIESGO 1|LIVIANOS||L1A|
LIFAN,LF|AUTOMOVILES|CHINOS E INDIOS|LIVIANOS||L3|
SUZUKI,LIANA|AUTOMOVILES|MEDIANO RIESGO|LIVIANOS||L2|
MITSUBISHI,LIBERO|AUTOMOVILES|BAJO RIESGO 1|LIVIANOS|LIBERO|L1A|
JEEP,LIBERTY|RURALES|BAJO RIESGO 1|LIVIANOS|LIBERTY|L1A|
FORD,LINCOLN|AUTOMOVILES|BAJO RIESGO 1|LIVIANOS||L1A|
FIAT,LINEA|AUTOMOVILES|BAJO RIESGO 1|LIVIANOS|LINEA|L1A|
TOYOTA,LITE ACE|PANEL|BAJO RIESGO 1|LIVIANOS||L1A|
HAFEI,LOBO|AUTOMOVILES|CHINOS E INDIOS|LIVIANOS||L3|
RENAULT,LOGAN|AUTOMOVILES|BAJO RIESGO 2|LIVIANOS|LOGAN|L1B|
NISSAN,LOGAN|AUTOMOVILES|BAJO RIESGO 1|LIVIANOS|LOGAN|L1A|
KIA,LOTZE|AUTOMOVILES|BAJO RIESGO 1|LIVIANOS|LOTZE|L1A|
LAND ROVER,LR-2|RURALES|BAJO RIESGO 1|LIVIANOS||L1A|
LEXUS,LS 460|AUTOMOVILES|BAJO RIESGO 1|LIVIANOS||L1A|
TOYOTA,LUCIDA|RURALES|BAJO RIESGO 1|LIVIANOS||L1A|
RENAULT,GRAND SCENIC|AUTOMOVILES|BAJO RIESGO 2|LIVIANOS||L1B|
MASERATI,GRAND SPORT|AUTOMOVILES|NO ASEGURABLE|LIVIANOS||LX|
ZXAUTO,GRAND TIGER|PICK UP|PICK UP|LIVIANOS||L6|
SUZUKI,GRAND VITARA|RURALES|BAJO RIESGO 1|LIVIANOS|GRAND VITARA|L1A|
CHEVROLET,GRAND VITARA|RURALES|BAJO RIESGO 2|LIVIANOS|GRAND VITARA|L1B|
JEEP,GRAND WAGONEER|RURALES|BAJO RIESGO 1|LIVIANOS||L1A|
MITSUBISHI,GRANDIS|RURALES|BAJO RIESGO 1|LIVIANOS|GRANDIS|L1A|
ZXAUTO,GRANDTIGER|PICK UP|PICK UP|LIVIANOS|GRANDTIGER|L6|
SUZUKI,GS|VEHICULOS MENORES|VEHICULOS MENORES|LIVIANOS|GS|L9|
HONDA,GS|VEHICULOS MENORES|VEHICULOS MENORES|LIVIANOS|GS|L9|
LEXUS,GS 350|AUTOMOVILES|BAJO RIESGO 1|LIVIANOS||L1A|
LEXUS,GS350|AUTOMOVILES|BAJO RIESGO 1|LIVIANOS|GS350|L1A|
ALFA ROMEO,GT|AUTOMOVILES|BAJO RIESGO 1|LIVIANOS|GT|L1A|
TOYOTA,GT 86|AUTOMOVILES|NO ASEGURABLE|LIVIANOS||LX|
VOLKSWAGEN,GTI|AUTOMOVILES|BAJO RIESGO 1|LIVIANOS||L1A|
VESPA,GTS|VEHICULOS MENORES|VEHICULOS MENORES|LIVIANOS||L9|
VESPA,GTV|VEHICULOS MENORES|VEHICULOS MENORES|LIVIANOS||L9|
ALFA ROMEO,GTV6|AUTOMOVILES|BAJO RIESGO 1|LIVIANOS||L1A|
KEEWAY,GTX|VEHICULOS MENORES|VEHICULOS MENORES|LIVIANOS||L9|
VOLKSWAGEN,GURGEL|AUTOMOVILES|BAJO RIESGO 1|LIVIANOS||L1A|
GREAT WALL,GWPERI|AUTOMOVILES|CHINOS E INDIOS|LIVIANOS||L3|
HYUNDAI,H1|PANEL|PANEL|LIVIANOS|H1|L5|
HUMMER,H2|RURALES|NO ASEGURABLE|LIVIANOS|H2|LX|
HUMMER,H3|RURALES|NO ASEGURABLE|LIVIANOS|H3|LX|
DONG FENG,H30|AUTOMOVILES|CHINOS E INDIOS|LIVIANOS||L3|
HAIMA,HAIMA 2|AUTOMOVILES|CHINOS E INDIOS|LIVIANOS||L3|
HAIMA,HAIMA 3|AUTOMOVILES|CHINOS E INDIOS|LIVIANOS||L3|
HAIMA,HAIMA 7|RURALES|CHINOS E INDIOS|LIVIANOS||L3|
HAIMA,HAIMA1|AUTOMOVILES|CHINOS E INDIOS|LIVIANOS||L3|
HAIMA,HAIMA2|AUTOMOVILES|CHINOS E INDIOS|LIVIANOS||L3|
HAIMA,HAIMA3|AUTOMOVILES|CHINOS E INDIOS|LIVIANOS||L3|
HAIMA,HAIMA7|RURALES|CHINOS E INDIOS|LIVIANOS||L3|
JINBEI,HAISE|PANEL|CHINOS E INDIOS|LIVIANOS|HAISE|L3|
GREAT WALL,HAVAL|RURALES|CHINOS E INDIOS|LIVIANOS||L3|
HAFEI,HF11011|PICK UP|PICK UP|LIVIANOS||L6|
TOYOTA,HIACE|PANEL|PANEL|LIVIANOS|HIACE|L5|
TOYOTA,HIGHLANDER|RURALES|BAJO RIESGO 1|LIVIANOS|HIGHLANDER|L1A|
TOYOTA,HILUX|PICK UP|PICK UP|LIVIANOS|HILUX|L6|
TOYOTA,HILUX SURF|PICK UP|PICK UP|LIVIANOS||L6|
NISSAN,HOMY|PANEL|PANEL|LIVIANOS|HOMY|L5|
FAW,HONGQI|AUTOMOVILES|CHINOS E INDIOS|LIVIANOS||L3|
HONDA,HORNET|VEHICULOS MENORES|VEHICULOS MENORES|LIVIANOS||L9|
GREAT WALL,HOVER|RURALES|CHINOS E INDIOS|LIVIANOS||L3|
HONDA,HRV|RURALES|BAJO RIESGO 1|LIVIANOS|HRV|L1A|
ZOTYE,HUNTER|RURALES|CHINOS E INDIOS|LIVIANOS|HUNTER|L3|
DUCATI,HYPERMOTARD|VEHICULOS MENORES|VEHICULOS MENORES|LIVIANOS|HYPERMOTARD|L9|
HYUNDAI,I10|AUTOMOVILES|BAJO RIESGO 2|LIVIANOS|I10|L1B|
HYUNDAI,I30|AUTOMOVILES|BAJO RIESGO 1|LIVIANOS|I30|L1A|
SEAT,IBIZA|AUTOMOVILES|NO ASEGURABLE|LIVIANOS||LX|
FIAT,IDEA ADVENTURE|RURALES|BAJO RIESGO 1|LIVIANOS||L1A|
SUZUKI,IGNIS|AUTOMOVILES|MEDIANO RIESGO|LIVIANOS|IGNIS|L2|
CHEVROLET,IMPALA|AUTOMOVILES|BAJO RIESGO 2|LIVIANOS|IMPALA|L1B|
SUBARU,IMPREZA|AUTOMOVILES|BAJO RIESGO 2|LIVIANOS|IMPREZA|L1B|
DATSUN,NL|PICK UP|PICK UP|LIVIANOS||L6|
TOYOTA,NOAH|PANEL|PANEL|LIVIANOS||L5|
ZOTYE,NOMAD|RURALES|CHINOS E INDIOS|LIVIANOS||L3|
ZOTYE,NOMADA|RURALES|CHINOS E INDIOS|LIVIANOS|NOMADA|L3|
SUZUKI,NOMADE|RURALES|MEDIANO RIESGO|LIVIANOS||L2|
NISSAN,NOTE|AUTOMOVILES|BAJO RIESGO 1|LIVIANOS|NOTE|L1A|
CITROEN,NOUVELLE|AUTOMOVILES|BAJO RIESGO 1|LIVIANOS||L1A|
DAEWOO,NUBIRA|AUTOMOVILES|BAJO RIESGO 1|LIVIANOS||L1A|
HONDA,NXR|VEHICULOS MENORES|VEHICULOS MENORES|LIVIANOS||L9|
SKODA,OCTAVIA|AUTOMOVILES|BAJO RIESGO 1|LIVIANOS||L1A|
HONDA,ODYSSEY|RURALES|BAJO RIESGO 1|LIVIANOS|ODYSSEY|L1A|
CHEVROLET,OPALA|AUTOMOVILES|BAJO RIESGO 2|LIVIANOS|OPALA|L1B|
KIA,OPIRUS|AUTOMOVILES|BAJO RIESGO 1|LIVIANOS||L1A|
KIA,OPTIMA|AUTOMOVILES|BAJO RIESGO 1|LIVIANOS|OPTIMA|L1A|
CHEVROLET,OPTRA|AUTOMOVILES|BAJO RIESGO 2|LIVIANOS|OPTRA|L1B|
CHEVROLET,ORLANDO|AUTOMOVILES|BAJO RIESGO 1|LIVIANOS|ORLANDO|L1A|
HONDA,ORTHIA|AUTOMOVILES|BAJO RIESGO 1|LIVIANOS|ORTHIA|L1A|
SUBARU,OUTBACK|AUTOMOVILES|BAJO RIESGO 1|LIVIANOS|OUTBACK|L1A|
MITSUBISHI,OUTLANDER|RURALES|BAJO RIESGO 1|LIVIANOS|OUTLANDER|L1A|
CHRYSLER,PACIFICA|AUTOMOVILES|NO ASEGURABLE|LIVIANOS||LX|
MITSUBISHI,PAJERO|RURALES|BAJO RIESGO 1|LIVIANOS||L1A|
FIAT,PALIO|AUTOMOVILES|BAJO RIESGO 1|LIVIANOS|PALIO|L1A|
PORSCHE,PANAMERA|AUTOMOVILES|BAJO RIESGO 1|LIVIANOS||L1A|
FIAT,PANORAMA|AUTOMOVILES|BAJO RIESGO 1|LIVIANOS|PANORAMA|L1A|
RONCO,PANTERA|VEHICULOS MENORES|VEHICULOS MENORES|LIVIANOS||L9|
VOLKSWAGEN,PARATI|AUTOMOVILES|BAJO RIESGO 1|LIVIANOS||L1A|
PEUGEOT,PARTNER|PANEL|BAJO RIESGO 1|LIVIANOS|PARTNER|L1A|
HONDA,PARTNER|AUTOMOVILES|BAJO RIESGO 1|LIVIANOS|PARTNER|L1A|
TOYOTA,PASEO|AUTOMOVILES|NO ASEGURABLE|LIVIANOS||LX|
VOLKSWAGEN,PASSAT|AUTOMOVILES|BAJO RIESGO 1|LIVIANOS|PASSAT|L1A|
HONDA,PASSION|VEHICULOS MENORES|VEHICULOS MENORES|LIVIANOS|PASSION|L9|
HONDA,PASSPORT|RURALES|BAJO RIESGO 1|LIVIANOS|PASSPORT|L1A|
NISSAN,PATHFINDER|RURALES|BAJO RIESGO 1|LIVIANOS|PATHFINDER|L1A|
JEEP,PATRIOT|RURALES|BAJO RIESGO 1|LIVIANOS|PATRIOT|L1A|
NISSAN,PATROL|RURALES|BAJO RIESGO 1|LIVIANOS||L1A|
KIA,PICANTO|AUTOMOVILES|MEDIANO RIESGO|LIVIANOS|PICANTO|L2|
ZOTYE,PICK UP|PICK UP|PICK UP|LIVIANOS|PICK UP|L6|
SSANGYONG,PICK UP|PICK UP|PICK UP|LIVIANOS|PICK UP|L6|
SMA,PICK UP|PICK UP|PICK UP|LIVIANOS|PICK UP|L6|
MG,PICK UP|PICK UP|PICK UP|LIVIANOS|PICK UP|L6|
MAZDA,PICK UP|PICK UP|PICK UP|LIVIANOS|PICK UP|L6|
MAHINDRA,PICK UP|PICK UP|PICK UP|LIVIANOS|PICK UP|L6|
LIFAN,PICK UP|PICK UP|PICK UP|LIVIANOS|PICK UP|L6|
FAW,PICK UP|PICK UP|PICK UP|LIVIANOS|PICK UP|L6|
CHRYSLER,PICK UP|PICK UP|PICK UP|LIVIANOS|PICK UP|L6|
CHERY,PICK UP|PICK UP|PICK UP|LIVIANOS|PICK UP|L6|
CHANGAN,PICK UP|PICK UP|PICK UP|LIVIANOS|PICK UP|L6|
BYD,PICK UP|PICK UP|PICK UP|LIVIANOS|PICK UP|L6|
BMW,PICK UP|PICK UP|PICK UP|LIVIANOS|PICK UP|L6|
ALFA ROMEO,PICK UP|PICK UP|PICK UP|LIVIANOS|PICK UP|L6|
JINBEI,PICK UP|PICK UP|PICK UP|LIVIANOS|PICK UP|L6|
JAC,PICK UP|PICK UP|PICK UP|LIVIANOS|PICK UP|L6|
HAIMA,PICK UP|PICK UP|PICK UP|LIVIANOS|PICK UP|L6|
GEELY,PICK UP|PICK UP|PICK UP|LIVIANOS|PICK UP|L6|
FOTON,PICK UP|PICK UP|PICK UP|LIVIANOS|PICK UP|L6|
TOYOTA,PICNIC|PANEL|BAJO RIESGO 1|LIVIANOS||L1A|
HONDA,PILOT|RURALES|BAJO RIESGO 1|LIVIANOS|PILOT|L1A|
TOYOTA,PLATZ|AUTOMOVILES|BAJO RIESGO 1|LIVIANOS||L1A|
VOLKSWAGEN,POLO|RURALES|BAJO RIESGO 1|LIVIANOS|POLO|L1A|
UM,POWERMAX|VEHICULOS MENORES|VEHICULOS MENORES|LIVIANOS||L9|
TOYOTA,PRADO|RURALES|BAJO RIESGO 1|LIVIANOS|PRADO|L1A|
NISSAN,PRAIRE|RURALES|BAJO RIESGO 1|LIVIANOS||L1A|
NISSAN,PRAIRIE|RURALES|BAJO RIESGO 1|LIVIANOS|PRAIRIE|L1A|
MITSUBISHI,PRECIS|AUTOMOVILES|BAJO RIESGO 1|LIVIANOS||L1A|
KIA,PREGIO|PANEL|PANEL|LIVIANOS|PREGIO|L5|
HONDA,PRELUDE|AUTOMOVILES|BAJO RIESGO 1|LIVIANOS||L1A|
MAZDA,PREMACY|AUTOMOVILES|BAJO RIESGO 1|LIVIANOS||L1A|
FIAT,PREMIO|AUTOMOVILES|BAJO RIESGO 1|LIVIANOS||L1A|
NISSAN,PRESEA|AUTOMOVILES|BAJO RIESGO 1|LIVIANOS||L1A|
TOYOTA,PREVIA|RURALES|BAJO RIESGO 1|LIVIANOS|PREVIA|L1A|
KIA,PRIDE|AUTOMOVILES|BAJO RIESGO 1|LIVIANOS||L1A|
NISSAN,PRIMERA|AUTOMOVILES|BAJO RIESGO 1|LIVIANOS||L1A|
DAEWOO,PRINCE|AUTOMOVILES|BAJO RIESGO 1|LIVIANOS||L1A|
TOYOTA,PRIUS|AUTOMOVILES|BAJO RIESGO 1|LIVIANOS|PRIUS|L1A|
FORD,PROBE|AUTOMOVILES|BAJO RIESGO 1|LIVIANOS|PROBE|L1A|
TOYOTA,PROBOX|AUTOMOVILES|BAJO RIESGO 1|LIVIANOS||L1A|
CHRYSLER,PT CRUISER|AUTOMOVILES|NO ASEGURABLE|LIVIANOS|PT CRUISER|LX|
NISSAN,PULSAR|AUTOMOVILES|BAJO RIESGO 1|LIVIANOS|PULSAR|L1A|
BAJAJ,PULSAR|VEHICULOS MENORES|VEHICULOS MENORES|LIVIANOS|PULSAR|L9|
FIAT,PUNTO|AUTOMOVILES|BAJO RIESGO 2|LIVIANOS||L1B|
CHERY,Q22|PANEL|PANEL|LIVIANOS||L5|
AUDI,Q3|RURALES|BAJO RIESGO 1|LIVIANOS|Q3|L1A|
AUDI,Q5|RURALES|BAJO RIESGO 1|LIVIANOS|Q5|L1A|
AUDI,Q7|RURALES|BAJO RIESGO 1|LIVIANOS|Q7|L1A|
NISSAN,QASHGAI|RURALES|BAJO RIESGO 2|LIVIANOS||L1B|
NISSAN,QASHQAI|RURALES|BAJO RIESGO 2|LIVIANOS|QASHQAI|L1B|
QINGQI,QM|VEHICULOS MENORES|VEHICULOS MENORES|LIVIANOS||L9|
CHERY,QQ|AUTOMOVILES|CHINOS E INDIOS|LIVIANOS|QQ|L3|
VOLKSWAGEN,QUANTUM|AUTOMOVILES|BAJO RIESGO 1|LIVIANOS||L1A|
NISSAN,QUEST|RURALES|BAJO RIESGO 1|LIVIANOS|QUEST|L1A|
MERCEDES BENZ,R 350|AUTOMOVILES|BAJO RIESGO 1|LIVIANOS||L1A|
YAMAHA,R1|VEHICULOS MENORES|VEHICULOS MENORES|LIVIANOS||L9|
MERCEDES BENZ,R350|AUTOMOVILES|BAJO RIESGO 1|LIVIANOS||L1A|
AUDI,R8|AUTOMOVILES|BAJO RIESGO 1|LIVIANOS||L1A|
SMA,R80|AUTOMOVILES|CHINOS E INDIOS|LIVIANOS||L3|
DAEWOO,RACER|AUTOMOVILES|NO ASEGURABLE|LIVIANOS|RACER|LX|
HYUNDAI,RACER|AUTOMOVILES|BAJO RIESGO 1|LIVIANOS|RACER|L1A|
DODGE,RAIDER|RURALES|NO ASEGURABLE|LIVIANOS||LX|
DODGE,RAM|PICK UP|PICK UP|LIVIANOS||L6|
LAND ROVER,RANGE ROVER|RURALES|BAJO RIESGO 1|LIVIANOS|RANGE ROVER|L1A|
FORD,RANGER|PICK UP|PICK UP|LIVIANOS|RANGER|L6|
TOYOTA,RAV 4|RURALES|BAJO RIESGO 1|LIVIANOS||L1A|
TOYOTA,RAV4|RURALES|BAJO RIESGO 1|LIVIANOS|RAV4|L1A|
TOYOTA,RAV5|RURALES|BAJO RIESGO 1|LIVIANOS||L1A|
PEUGEOT,RCZ|AUTOMOVILES|NO ASEGURABLE|LIVIANOS|RCZ|LX|
YAMAHA,RD|VEHICULOS MENORES|VEHICULOS MENORES|LIVIANOS||L9|
ACURA,RDX|AUTOMOVILES|NO ASEGURABLE|LIVIANOS||LX|
JAC,REFINE|RURALES|CHINOS E INDIOS|LIVIANOS|REFINE|L3|
JAC,REIN|RURALES|CHINOS E INDIOS|LIVIANOS||L3|
UM,RENEGADE|VEHICULOS MENORES|VEHICULOS MENORES|LIVIANOS|RENEGADE|L9|
SUZUKI,RENO|AUTOMOVILES|MEDIANO RIESGO|LIVIANOS||L2|
SSANGYONG,REXTON|RURALES|BAJO RIESGO 1|LIVIANOS||L1A|
ZNA,RICH|PICK UP|PICK UP|LIVIANOS|RICH|L6|
HONDA,RIDGELINE|PICK UP|PICK UP|LIVIANOS||L6|
KIA,RIO|AUTOMOVILES|ALTO RIESGO|LIVIANOS|RIO|L2R|
KEEWAY,RK|VEHICULOS MENORES|VEHICULOS MENORES|LIVIANOS||L9|
DAIHATSU,ROCKY|RURALES|NO ASEGURABLE|LIVIANOS||LX|
CHEVROLET,RODEO|RURALES|BAJO RIESGO 2|LIVIANOS||L1B|
SSANGYONG,RODIUS|RURALES|BAJO RIESGO 1|LIVIANOS|RODIUS|L1A|
NISSAN,ROGUE|RURALES|BAJO RIESGO 1|LIVIANOS|ROGUE|L1A|
ROVER,ROVER75|AUTOMOVILES|NO ASEGURABLE|LIVIANOS||LX|
AUDI,RS3|AUTOMOVILES|BAJO RIESGO 1|LIVIANOS|RS3|L1A|
AUDI,RS4|AUTOMOVILES|BAJO RIESGO 1|LIVIANOS||L1A|
AUDI,RS5|AUTOMOVILES|BAJO RIESGO 1|LIVIANOS|RS5|L1A|
AUDI,RS6|AUTOMOVILES|BAJO RIESGO 1|LIVIANOS|RS6|L1A|
AKT,RTX|VEHICULOS MENORES|NO ASEGURABLE|LIVIANOS||LX|
HAFEI,RUIYI|PICK UP|PICK UP|LIVIANOS|RUIYI|L6|
TOYOTA,RUNNER|RURALES|BAJO RIESGO 1|LIVIANOS||L1A|
MITSUBISHI,RVR|RURALES|BAJO RIESGO 1|LIVIANOS||L1A|
YAMAHA,RX|VEHICULOS MENORES|VEHICULOS MENORES|LIVIANOS|RX|L9|
LEXUS,RX|AUTOMOVILES|BAJO RIESGO 1|LIVIANOS|RX|L1A|
LEXUS,RX 300|AUTOMOVILES|BAJO RIESGO 1|LIVIANOS||L1A|
LEXUS,RX350|AUTOMOVILES|BAJO RIESGO 1|LIVIANOS||L1A|
MAZDA,RX8|AUTOMOVILES|NO ASEGURABLE|LIVIANOS|RX-8|LX|
MERCEDES BENZ,S 280|AUTOMOVILES|BAJO RIESGO 1|LIVIANOS||L1A|
MERCEDES BENZ,S 320|AUTOMOVILES|BAJO RIESGO 1|LIVIANOS|S 320|L1A|
MERCEDES BENZ,S 500|AUTOMOVILES|BAJO RIESGO 1|LIVIANOS|S|L1A|
JAGUAR,S TYPE|AUTOMOVILES|NO ASEGURABLE|LIVIANOS||LX|
HYUNDAI,GRAND I10|AUTOMOVILES|BAJO RIESGO 2|LIVIANOS|GRAND I10|L1B|
VOLKSWAGEN,111021|AUTOMOVILES|BAJO RIESGO 1|LIVIANOS|111021|L1A|
HONDA,CBF|VEHICULOS MENORES|VEHICULOS MENORES|LIVIANOS||L9|
HYUNDAI,CRETA|RURALES|BAJO RIESGO 1|LIVIANOS|CRETA|L1A|
CHEVROLET,S10|PICK UP|BAJO RIESGO 2|LIVIANOS|S-10|L1B|
BMW,S1000|VEHICULOS MENORES|VEHICULOS MENORES|LIVIANOS||L9|
HYUNDAI,I20|RURALES|BAJO RIESGO 1|LIVIANOS|I20|L1A|
YAMAHA,CRYPTON|VEHICULOS MENORES|VEHICULOS MENORES|LIVIANOS||L9|
NISSAN,NP300|RURALES|PICK UP|LIVIANOS|NP300|L6|
MERCEDES BENZ,GLA|RURALES|BAJO RIESGO 1|LIVIANOS||L1A|
CHERY,S21|AUTOMOVILES|CHINOS E INDIOS|LIVIANOS|S21|L3|
MERCEDES BENZ,S280|AUTOMOVILES|BAJO RIESGO 1|LIVIANOS||L1A|
ITALIKA,GS|VEHICULOS MENORES|VEHICULOS MENORES|LIVIANOS|GS|L9|
NISSAN,LIBERTY (CETICO)|RURALES|TIMON CAMBIADO|LIVIANOS||L4|
NISSAN,LIBERTY|RURALES|TIMON CAMBIADO|LIVIANOS|LIBERTY|L4|
AUDI,S3|AUTOMOVILES|BAJO RIESGO 1|LIVIANOS|S3|L1A|
NISSAN,MISTRAL|RURALES|BAJO RIESGO 1|LIVIANOS||L1A|
ALFA ROMEO,MITO|AUTOMOVILES|BAJO RIESGO 1|LIVIANOS||L1A|
SUZUKI,CIAZ|AUTOMOVILES|BAJO RIESGO 1|LIVIANOS|CIAZ|L1A|
GEELY,MK|AUTOMOVILES|CHINOS E INDIOS|LIVIANOS||L3|
MERCEDES BENZ,ML 320|RURALES|BAJO RIESGO 1|LIVIANOS||L1A|
MERCEDES BENZ,ML 350|RURALES|BAJO RIESGO 1|LIVIANOS|ML 350|L1A|
MERCEDES BENZ,ML 400|RURALES|BAJO RIESGO 1|LIVIANOS|ML 400|L1A|
MERCEDES BENZ,ML 430|RURALES|BAJO RIESGO 1|LIVIANOS||L1A|
SUZUKI,JIMNY|RURALES|MEDIANO RIESGO|LIVIANOS||L2|
SUZUKI,NEW VITARA|AUTOMOVILES|MEDIANO RIESGO|LIVIANOS|VITARA|L2|
MERCEDES BENZ,ML320|RURALES|BAJO RIESGO 1|LIVIANOS||L1A|
MERCEDES BENZ,ML350|RURALES|BAJO RIESGO 1|LIVIANOS||L1A|
MERCEDES BENZ,ML430|RURALES|BAJO RIESGO 1|LIVIANOS||L1A|
MERCEDES BENZ,ML500|RURALES|BAJO RIESGO 1|LIVIANOS||L1A|
BMW,X4|RURALES|BAJO RIESGO 1|LIVIANOS|X4|L1A|
TOYOTA,BARANDA|RURALES|PICK UP|LIVIANOS|BARANDA|L6|
PEUGEOT,2008|RURALES|BAJO RIESGO 1|LIVIANOS|2008|L1A|
HONDA,MOBILIO|AUTOMOVILES|BAJO RIESGO 1|LIVIANOS||L1A|
KIA,MOHAVE|RURALES|BAJO RIESGO 1|LIVIANOS|MOHAVE|L1A|
FORD,MONDEO|AUTOMOVILES|BAJO RIESGO 1|LIVIANOS||L1A|
DUCATI,MONSTER|VEHICULOS MENORES|VEHICULOS MENORES|LIVIANOS|MONSTER|L9|
CHEVROLET,MONTECARLO|AUTOMOVILES|BAJO RIESGO 2|LIVIANOS|MONTECARLO|L1B|
MITSUBISHI,MONTERO|RURALES|BAJO RIESGO 1|LIVIANOS|MONTERO|L1A|
CHEVROLET,MONZA|AUTOMOVILES|BAJO RIESGO 2|LIVIANOS|MONZA|L1B|
DAIHATSU,MOVE|AUTOMOVILES|NO ASEGURABLE|LIVIANOS||LX|
MAZDA,MPV|RURALES|BAJO RIESGO 1|LIVIANOS|MPV|L1A|
FOTON,MPX|PANEL|CHINOS E INDIOS|LIVIANOS|MPX|L3|
TOYOTA,MR2|AUTOMOVILES|NO ASEGURABLE|LIVIANOS||LX|
KAWASAKI,MULE|VEHICULOS MENORES|VEHICULOS MENORES|LIVIANOS||L9|
DUCATI,MULTISTRADA|VEHICULOS MENORES|VEHICULOS MENORES|LIVIANOS|MULTISTRADA|L9|
NISSAN,MURANO|RURALES|BAJO RIESGO 1|LIVIANOS|MURANO|L1A|
SSANGYONG,MUSSO|RURALES|BAJO RIESGO 1|LIVIANOS||L1A|
DAEWOO,MUSSO|RURALES|BAJO RIESGO 1|LIVIANOS||L1A|
FORD,MUSTANG|AUTOMOVILES|BAJO RIESGO 1|LIVIANOS|MUSTANG|L1A|
MAVILA,MV|VEHICULOS MENORES|VEHICULOS MENORES|LIVIANOS||L9|
MAZDA,MX|AUTOMOVILES|BAJO RIESGO 1|LIVIANOS||L1A|
MAZDA,MX 5|AUTOMOVILES|BAJO RIESGO 1|LIVIANOS||L1A|
MAZDA,MX-3 GS|AUTOMOVILES|BAJO RIESGO 1|LIVIANOS||L1A|
CHEVROLET,N200|PANEL|NO ASEGURABLE|LIVIANOS|N200|LX|
CHEVROLET,N300|PANEL|NO ASEGURABLE|LIVIANOS|N300|LX|
FAW,N5|AUTOMOVILES|CHINOS E INDIOS|LIVIANOS||L3|
MITSUBISHI,NATIVA|RURALES|BAJO RIESGO 1|LIVIANOS||L1A|
NISSAN,NAVARA|PICK UP|PICK UP|LIVIANOS|NAVARA|L6|
PLYMOUTH,NEON|AUTOMOVILES|NO ASEGURABLE|LIVIANOS||LX|
DODGE,NEON|AUTOMOVILES|NO ASEGURABLE|LIVIANOS||LX|
HONDA,NH|VEHICULOS MENORES|VEHICULOS MENORES|LIVIANOS||L9|
KAWASAKI,NINJA|VEHICULOS MENORES|VEHICULOS MENORES|LIVIANOS||L9|
DODGE,NITRO|RURALES|BAJO RIESGO 1|LIVIANOS|NITRO|L1A|
UM,NITROX|VEHICULOS MENORES|VEHICULOS MENORES|LIVIANOS||L9|
LADA,NIVA|RURALES|NO ASEGURABLE|LIVIANOS||LX|
HONDA,ST|VEHICULOS MENORES|VEHICULOS MENORES|LIVIANOS||L9|
LEXUS,ST200|AUTOMOVILES|BAJO RIESGO 1|LIVIANOS||L1A|
NISSAN,STANZA|AUTOMOVILES|BAJO RIESGO 1|LIVIANOS|STANZA|L1A|
HAIMA,STAR|RURALES|CHINOS E INDIOS|LIVIANOS|STAR|L3|
HYUNDAI,STAREX|PANEL|PANEL|LIVIANOS|STAREX|L5|
TOYOTA,STARLET|AUTOMOVILES|NO ASEGURABLE|LIVIANOS||LX|
NISSAN,STATION WAGON|AUTOMOVILES|BAJO RIESGO 1|LIVIANOS||L1A|
HYUNDAI,STATION WAGON|AUTOMOVILES|BAJO RIESGO 1|LIVIANOS||L1A|
SSANGYONG,STAVIC|RURALES|BAJO RIESGO 1|LIVIANOS||L1A|
HYUNDAI,STELLAR|AUTOMOVILES|BAJO RIESGO 1|LIVIANOS||L1A|
RENAULT,STEPWAY|RURALES|BAJO RIESGO 2|LIVIANOS|STEPWAY|L1B|
FIAT,STILO|AUTOMOVILES|BAJO RIESGO 1|LIVIANOS||L1A|
HONDA,STORE|VEHICULOS MENORES|VEHICULOS MENORES|LIVIANOS||L9|
DAIHATSU,STORIA|AUTOMOVILES|NO ASEGURABLE|LIVIANOS|STORIA|LX|
HONDA,STORM|VEHICULOS MENORES|VEHICULOS MENORES|LIVIANOS|STORM|L9|
TOYOTA,STOUT|PICK UP|PICK UP|LIVIANOS|STOUT|L6|
MITSUBISHI,STRADA|PICK UP|PICK UP|LIVIANOS|STRADA|L6|
FIAT,STRADA|PICK UP|PICK UP|LIVIANOS|STRADA|L6|
DODGE,STRATUS|AUTOMOVILES|NO ASEGURABLE|LIVIANOS||LX|
HONDA,STREAM|RURALES|BAJO RIESGO 1|LIVIANOS||L1A|
CHEVROLET,SUBURBAN|RURALES|BAJO RIESGO 2|LIVIANOS|SUBURBAN|L1B|
NISSAN,SUCCE|PANEL|PANEL|LIVIANOS|SUCCE|L5|
TOYOTA,SUCCED|AUTOMOVILES|BAJO RIESGO 1|LIVIANOS||L1A|
ZNA,SUCCEE|PANEL|PANEL|LIVIANOS||L5|
TOYOTA,SUCCEED|AUTOMOVILES|BAJO RIESGO 1|LIVIANOS||L1A|
PLYMOUTH,SUNDANCE|AUTOMOVILES|NO ASEGURABLE|LIVIANOS||LX|
NISSAN,SUNNY|AUTOMOVILES|BAJO RIESGO 1|LIVIANOS|SUNNY|L1A|
JAC,SUNRAY|PANEL|PANEL|LIVIANOS|SUNRAY|L5|
NISSAN,SUPER SALOON|AUTOMOVILES|BAJO RIESGO 1|LIVIANOS||L1A|
KEEWAY,SUPERLIGHT|VEHICULOS MENORES|VEHICULOS MENORES|LIVIANOS|SUPERLIGHT 200CC|L9|
VOLKSWAGEN,SURAN CROSS|AUTOMOVILES|BAJO RIESGO 1|LIVIANOS||L1A|
LIFAN,SUV|RURALES|CHINOS E INDIOS|LIVIANOS||L3|
SUZUKI,SWIFT|AUTOMOVILES|ALTO RIESGO|LIVIANOS|SWIFT|L2R|
BAJAJ,SX|VEHICULOS MENORES|VEHICULOS MENORES|LIVIANOS||L9|
SUZUKI,SX4|AUTOMOVILES|MEDIANO RIESGO|LIVIANOS|SX4|L2|
RENAULT,SYMBOL|AUTOMOVILES|BAJO RIESGO 2|LIVIANOS||L1B|
VOLKSWAGEN,T5|PANEL|PANEL|LIVIANOS|T5|L5|
VOLVO,T6|AUTOMOVILES|BAJO RIESGO 1|LIVIANOS||L1A|
TOYOTA,TACOMA|PICK UP|PICK UP|LIVIANOS|TACOMA|L6|
DAEWOO,TACUMA|AUTOMOVILES|BAJO RIESGO 1|LIVIANOS||L1A|
CHEVROLET,TAHOE|RURALES|BAJO RIESGO 1|LIVIANOS|TAHOE|L1A|
FORD,TAURUS|AUTOMOVILES|BAJO RIESGO 1|LIVIANOS||L1A|
NISSAN,TAYALDAY|AUTOMOVILES|BAJO RIESGO 1|LIVIANOS||L1A|
NISSAN,TEANA|AUTOMOVILES|BAJO RIESGO 1|LIVIANOS||L1A|
FORD,TEMPO|AUTOMOVILES|BAJO RIESGO 1|LIVIANOS|TEMPO|L1A|
FIAT,TEMPRA|AUTOMOVILES|NO ASEGURABLE|LIVIANOS||LX|
PEUGEOT,TEPEE|RURALES|BAJO RIESGO 1|LIVIANOS||L1A|
TOYOTA,TERCEL|AUTOMOVILES|BAJO RIESGO 1|LIVIANOS|TERCEL|L1A|
TOYOTA,TERIOS|RURALES|BAJO RIESGO 1|LIVIANOS|TERIOS|L1A|
DAIHATSU,TERIOS|RURALES|BAJO RIESGO 1|LIVIANOS|TERIOS|L1A|
HYUNDAI,TERRACAN|RURALES|BAJO RIESGO 1|LIVIANOS|TERRACAN|L1A|
NISSAN,TERRANO|RURALES|BAJO RIESGO 1|LIVIANOS|TERRANO|L1A|
CHEVROLET,TFR|PICK UP|BAJO RIESGO 2|LIVIANOS||L1B|
FORD,THUNDERBIRD|AUTOMOVILES|BAJO RIESGO 1|LIVIANOS|THUNDERBIRD|L1A|
HYUNDAI,TIBURON|AUTOMOVILES|NO ASEGURABLE|LIVIANOS|TIBURON|LX|
DAEWOO,TICO|AUTOMOVILES|NO ASEGURABLE|LIVIANOS|TICO|LX|
DAEWOO,TICO DX|AUTOMOVILES|NO ASEGURABLE|LIVIANOS|TICO|LX|
CHERY,TIGGO|RURALES|CHINOS E INDIOS|LIVIANOS|TIGGO|L3|
VOLKSWAGEN,TIGUAN|RURALES|BAJO RIESGO 1|LIVIANOS|TIGUAN|L1A|
NISSAN,TIIDA|AUTOMOVILES|MEDIANO RIESGO|LIVIANOS|TIIDA|L2|
NISSAN,TITAN|PICK UP|PICK UP|LIVIANOS|TITAN|L6|
HONDA,TITAN|VEHICULOS MENORES|VEHICULOS MENORES|LIVIANOS|TITAN|L9|
RONCO,TITANIUM|VEHICULOS MENORES|VEHICULOS MENORES|LIVIANOS|TITANIUM|L9|
ASIA MOTORS,TOPIC|RURALES|PANEL|LIVIANOS||L5|
ASIA,TOPIC|PANEL|PANEL|LIVIANOS||L5|
HONDA,TORNADO|VEHICULOS MENORES|VEHICULOS MENORES|LIVIANOS||L9|
HONDA,TORNEO|AUTOMOVILES|BAJO RIESGO 1|LIVIANOS||L1A|
SUMO,TORQUE|VEHICULOS MENORES|VEHICULOS MENORES|LIVIANOS||L9|
DAEWOO,TOSCA|AUTOMOVILES|BAJO RIESGO 1|LIVIANOS|TOSCA|L1A|
VOLKSWAGEN,TOUAREG|RURALES|BAJO RIESGO 1|LIVIANOS||L1A|
CHRYSLER,TOWN & COUNTRY|RURALES|BAJO RIESGO 1|LIVIANOS|TOWN & COUNTRY|L1A|
TOYOTA,TOWNACE|PANEL|PANEL|LIVIANOS|TOWNACE|L5|
ASIA MOTORS,TOWNER|RURALES|PANEL|LIVIANOS|TOWNER|L5|
ASIA,TOWNER|PANEL|PANEL|LIVIANOS|TOWNER|L5|
KIA,TOWNER|PANEL|PANEL|LIVIANOS|TOWNER|L5|
HYUNDAI,TQ GIS|AUTOMOVILES|BAJO RIESGO 1|LIVIANOS||L1A|
CHEVROLET,TRACKER|RURALES|BAJO RIESGO 1|LIVIANOS|TRACKER|L1A|
NISSAN,TRADE|PANEL|PANEL|LIVIANOS|TRADE|L5|
CHEVROLET,TRAIBLAZER|RURALES|BAJO RIESGO 2|LIVIANOS||L1B|
CHEVROLET,TRAIL|RURALES|BAJO RIESGO 2|LIVIANOS||L1B|
CHEVROLET,TRAIL BLAZER|RURALES|BAJO RIESGO 2|LIVIANOS||L1B|
HYUNDAI,TRAJET|PANEL|BAJO RIESGO 1|LIVIANOS||L1A|
VOLKSWAGEN,TRANSPORTER|PANEL|PANEL|LIVIANOS|TRANSPORTER|L5|
CHEVROLET,TRAVERSE|RURALES|BAJO RIESGO 1|LIVIANOS|TRAVERSE|L1A|
FIAT,TREKKING|AUTOMOVILES|BAJO RIESGO 1|LIVIANOS||L1A|
VOLKSWAGEN,TREND|RURALES|BAJO RIESGO 1|LIVIANOS||L1A|
SUBARU,TRIBECA|RURALES|BAJO RIESGO 1|LIVIANOS|TRIBECA|L1A|
MAZDA,TRIBUTE 3.0|RURALES|BAJO RIESGO 1|LIVIANOS|TRIBUTE|L1A|
CHEVROLET,TROOPER|RURALES|BAJO RIESGO 2|LIVIANOS|TROOPER|L1B|
ISUZU,TROOPER|RURALES|NO ASEGURABLE|LIVIANOS|TROOPER|LX|
NISSAN,TRUCK|PICK UP|PICK UP|LIVIANOS|TRUCK|L6|
FORD,TRUCK|PICK UP|PICK UP|LIVIANOS|TRUCK|L6|
TOYOTA,TRUENO|AUTOMOVILES|BAJO RIESGO 1|LIVIANOS||L1A|
HONDA,TRX|VEHICULOS MENORES|VEHICULOS MENORES|LIVIANOS||L9|
AUDI,TT|AUTOMOVILES|NO ASEGURABLE|LIVIANOS||LX|
AKT,TT|VEHICULOS MENORES|NO ASEGURABLE|LIVIANOS||LX|
AUDI,TTS|AUTOMOVILES|NO ASEGURABLE|LIVIANOS||LX|
HYUNDAI,TUCSON|RURALES|BAJO RIESGO 1|LIVIANOS|TUCSON|L1A|
TOYOTA,TUNDRA|PICK UP|PICK UP|LIVIANOS||L6|
HYUNDAI,TURBO|AUTOMOVILES|BAJO RIESGO 1|LIVIANOS||L1A|
FIAT,UNO|RURALES|NO ASEGURABLE|LIVIANOS|UNO|LX|
CHEVROLET,UPLANDER|RURALES|BAJO RIESGO 2|LIVIANOS||L1B|
TOYOTA,URBAN CRUISER|RURALES|BAJO RIESGO 1|LIVIANOS|URBAN CRUISER|L1A|
VOLKSWAGEN,URBANO|RURALES|BAJO RIESGO 1|LIVIANOS|URBANO|L1A|
NISSAN,URVAN|PANEL|PANEL|LIVIANOS|URVAN|L5|
MERCEDES BENZ,V230|PANEL|PANEL|LIVIANOS||L5|
VOLVO,V40|AUTOMOVILES|BAJO RIESGO 1|LIVIANOS|V40|L1A|
CHERY,V5|AUTOMOVILES|CHINOS E INDIOS|LIVIANOS|V5|L3|
BRILLIANCE,V5|RURALES|CHINOS E INDIOS|LIVIANOS|V5|L3|
VOLVO,V50|AUTOMOVILES|BAJO RIESGO 1|LIVIANOS||L1A|
VOLVO,V70|AUTOMOVILES|BAJO RIESGO 1|LIVIANOS||L1A|
FAW,V70|PANEL|CHINOS E INDIOS|LIVIANOS||L3|
PLYMOUTH,VALIANT|AUTOMOVILES|NO ASEGURABLE|LIVIANOS|VALIANT|LX|
CHANGAN,VAN|PANEL|PANEL|LIVIANOS|VAN|L5|
NISSAN,VANETTE|PANEL|PANEL|LIVIANOS|VANETTE|L5|
TOYOTA,VANLE|RURALES|BAJO RIESGO 1|LIVIANOS||L1A|
ASTON MARTIN,VANQUISH|AUTOMOVILES|NO ASEGURABLE|LIVIANOS||LX|
ASTON MARTIN,VANTAGE|AUTOMOVILES|NO ASEGURABLE|LIVIANOS|VANTAGE|LX|
CHEVROLET,VECTRA|AUTOMOVILES|BAJO RIESGO 2|LIVIANOS||L1B|
HYUNDAI,VELOSTER|AUTOMOVILES|BAJO RIESGO 1|LIVIANOS|VELOSTER|L1A|
VOLKSWAGEN,VENTO|AUTOMOVILES|BAJO RIESGO 1|LIVIANOS||L1A|
UM,VENUS|VEHICULOS MENORES|VEHICULOS MENORES|LIVIANOS||L9|
HYUNDAI,VERACRUZ|RURALES|BAJO RIESGO 1|LIVIANOS||L1A|
NISSAN,VERSA|AUTOMOVILES|BAJO RIESGO 2|LIVIANOS|VERSA|L1B|
MAVILA,VERTIGO|VEHICULOS MENORES|VEHICULOS MENORES|LIVIANOS||L9|
HONDA,VF|VEHICULOS MENORES|VEHICULOS MENORES|LIVIANOS||L9|
JEEP,VIASSA|RURALES|NO ASEGURABLE|LIVIANOS||LX|
FOTON,VIEW|PANEL|PANEL|LIVIANOS|VIEW|L5|
MERCURY,VILLAGER|PANEL|NO ASEGURABLE|LIVIANOS||LX|
ASTON MARTIN,VIRAGE|AUTOMOVILES|NO ASEGURABLE|LIVIANOS||LX|
KIA,VISTA|AUTOMOVILES|BAJO RIESGO 1|LIVIANOS||L1A|
FAW,VITA|AUTOMOVILES|CHINOS E INDIOS|LIVIANOS||L3|
SUZUKI,VITARA|RURALES|MEDIANO RIESGO|LIVIANOS|VITARA|L2|
MERCEDES BENZ,VITO|PANEL|PANEL|LIVIANOS||L5|
TOYOTA,VITZ|AUTOMOVILES|BAJO RIESGO 1|LIVIANOS|VITZ|L1A|
CHEVROLET,VIVANT|RURALES|BAJO RIESGO 2|LIVIANOS|VIVANT|L1B|
MAVILA,VIVAZ|VEHICULOS MENORES|VEHICULOS MENORES|LIVIANOS||L9|
VOLKSWAGEN,VOCHO|AUTOMOVILES|BAJO RIESGO 1|LIVIANOS||L1A|
GREAT WALL,VOLEEX|AUTOMOVILES|CHINOS E INDIOS|LIVIANOS|VOLEEX|L3|
VOLKSWAGEN,VOYAGE|AUTOMOVILES|BAJO RIESGO 2|LIVIANOS|VOYAGE|L1B|
CHRYSLER,VOYAGER|AUTOMOVILES|NO ASEGURABLE|LIVIANOS|VOYAGER|LX|
VELOREX,VX|VEHICULOS MENORES|VEHICULOS MENORES|LIVIANOS||L9|
SUZUKI,WAGON|AUTOMOVILES|MEDIANO RIESGO|LIVIANOS||L2|
JEEP,WAGONEER|RURALES|BAJO RIESGO 1|LIVIANOS|WAGONEER|L1A|
HONDA,WAVE|VEHICULOS MENORES|VEHICULOS MENORES|LIVIANOS||L9|
BAJAJ,WIND|VEHICULOS MENORES|VEHICULOS MENORES|LIVIANOS|WIND|L9|
FORD,WINDSTAR|RURALES|BAJO RIESGO 1|LIVIANOS|WINDSTAR|L1A|
GREAT WALL,WINGLE|PICK UP|PICK UP|LIVIANOS|WINGLE|L6|
NISSAN,WINGROAD|AUTOMOVILES|BAJO RIESGO 1|LIVIANOS||L1A|
YAMAHA,WR|VEHICULOS MENORES|VEHICULOS MENORES|LIVIANOS||L9|
JEEP,WRANGLER|RURALES|BAJO RIESGO 1|LIVIANOS||L1A|
SUBARU,WRX|AUTOMOVILES|NO ASEGURABLE|LIVIANOS|WRX|LX|
NISSAN,X TRAIL|RURALES|BAJO RIESGO 1|LIVIANOS||L1A|
JAGUAR,X TYPE|AUTOMOVILES|NO ASEGURABLE|LIVIANOS|X TYPE|LX|
BMW,X1|RURALES|BAJO RIESGO 1|LIVIANOS|X1|L1A|
LIFAN,X200|RURALES|CHINOS E INDIOS|LIVIANOS|X200|L3|
BMW,X3|RURALES|BAJO RIESGO 1|LIVIANOS|X3|L1A|
BMW,X5|RURALES|BAJO RIESGO 1|LIVIANOS|X5|L1A|
BMW,X6|RURALES|BAJO RIESGO 1|LIVIANOS|X6|L1A|
LIFAN,X60|RURALES|CHINOS E INDIOS|LIVIANOS||L3|
CITROEN,XANTIA|AUTOMOVILES|BAJO RIESGO 1|LIVIANOS||L1A|
VOLVO,XC|AUTOMOVILES|BAJO RIESGO 1|LIVIANOS||L1A|
VOLVO,XC60|RURALES|BAJO RIESGO 1|LIVIANOS|XC60|L1A|
VOLVO,XC70|RURALES|BAJO RIESGO 1|LIVIANOS||L1A|
VOLVO,XC90|RURALES|BAJO RIESGO 1|LIVIANOS|XC90|L1A|
FAW,XENIA|AUTOMOVILES|CHINOS E INDIOS|LIVIANOS||L3|
JAGUAR,XF|AUTOMOVILES|NO ASEGURABLE|LIVIANOS|XF|LX|
FAW,XIALI|AUTOMOVILES|CHINOS E INDIOS|LIVIANOS||L3|
HAFEI,XINYI|PANEL|PANEL|LIVIANOS|XINYI|L5|
YAMAHA,XJ|VEHICULOS MENORES|VEHICULOS MENORES|LIVIANOS|XJ|L9|
JAGUAR,XJ|AUTOMOVILES|NO ASEGURABLE|LIVIANOS|XJ|LX|
JAGUAR,XJR|AUTOMOVILES|NO ASEGURABLE|LIVIANOS||LX|
JAGUAR,XK|AUTOMOVILES|NO ASEGURABLE|LIVIANOS||LX|
YAMAHA,XL|VEHICULOS MENORES|VEHICULOS MENORES|LIVIANOS||L9|
SUZUKI,XL|RURALES|MEDIANO RIESGO|LIVIANOS||L2|
HONDA,XL|VEHICULOS MENORES|VEHICULOS MENORES|LIVIANOS||L9|
SUZUKI,XL7|RURALES|BAJO RIESGO 1|LIVIANOS||L1A|
TOYOTA,XLI|AUTOMOVILES|BAJO RIESGO 1|LIVIANOS||L1A|
HONDA,XLR|VEHICULOS MENORES|VEHICULOS MENORES|LIVIANOS||L9|
CITROEN,XM|AUTOMOVILES|BAJO RIESGO 1|LIVIANOS||L1A|
HONDA,XR|VEHICULOS MENORES|VEHICULOS MENORES|LIVIANOS||L9|
MG,XROSS|AUTOMOVILES|CHINOS E INDIOS|LIVIANOS||L3|
CITROEN,XSARA|AUTOMOVILES|BAJO RIESGO 1|LIVIANOS||L1A|
YAMAHA,XT|VEHICULOS MENORES|VEHICULOS MENORES|LIVIANOS||L9|
NISSAN,XTERRA|RURALES|BAJO RIESGO 1|LIVIANOS||L1A|
UM,XTREET|VEHICULOS MENORES|VEHICULOS MENORES|LIVIANOS||L9|
YAMAHA,XTZ|VEHICULOS MENORES|VEHICULOS MENORES|LIVIANOS||L9|
SUBARU,XV|RURALES|BAJO RIESGO 2|LIVIANOS|XV|L1B|
TOYOTA,YARIS|AUTOMOVILES|MEDIANO RIESGO|LIVIANOS|YARIS|L2|
MERCEDES BENZ,S320|AUTOMOVILES|BAJO RIESGO 1|LIVIANOS||L1A|
MERCEDES BENZ,S350|AUTOMOVILES|BAJO RIESGO 1|LIVIANOS||L1A|
AUDI,S4|AUTOMOVILES|BAJO RIESGO 1|LIVIANOS||L1A|
VOLVO,S40|AUTOMOVILES|BAJO RIESGO 1|LIVIANOS|S40|L1A|
AUDI,S5|AUTOMOVILES|BAJO RIESGO 1|LIVIANOS|S5|L1A|
MERCEDES BENZ,S500|AUTOMOVILES|BAJO RIESGO 1|LIVIANOS||L1A|
MERCEDES BENZ,S550|AUTOMOVILES|BAJO RIESGO 1|LIVIANOS||L1A|
BYD,S6|AUTOMOVILES|CHINOS E INDIOS|LIVIANOS|S6|L3|
AUDI,S6|AUTOMOVILES|BAJO RIESGO 1|LIVIANOS|S6|L1A|
VOLVO,S60|AUTOMOVILES|BAJO RIESGO 1|LIVIANOS|S60|L1A|
MERCEDES BENZ,S600|AUTOMOVILES|BAJO RIESGO 1|LIVIANOS||L1A|
VOLVO,S70|AUTOMOVILES|BAJO RIESGO 1|LIVIANOS||L1A|
AUDI,S8|AUTOMOVILES|BAJO RIESGO 1|LIVIANOS||L1A|
VOLVO,S80|AUTOMOVILES|BAJO RIESGO 1|LIVIANOS||L1A|
FAW,S80|AUTOMOVILES|CHINOS E INDIOS|LIVIANOS||L3|
VOLVO,S90|AUTOMOVILES|BAJO RIESGO 1|LIVIANOS|S90|L1A|
MERCURY,SABLE|AUTOMOVILES|NO ASEGURABLE|LIVIANOS|SABLE|LX|
GREAT WALL,SAFE|RURALES|CHINOS E INDIOS|LIVIANOS||L3|
CHEVROLET,SAIL|AUTOMOVILES|ALTO RIESGO|LIVIANOS|SAIL|L2R|
HAFEI,SAIMA|RURALES|CHINOS E INDIOS|LIVIANOS|SAIMA|L3|
LADA,SAMARA|AUTOMOVILES|NO ASEGURABLE|LIVIANOS||LX|
SUZUKI,SAMURAI|RURALES|MEDIANO RIESGO|LIVIANOS||L2|
RENAULT,SANDERO|AUTOMOVILES|BAJO RIESGO 2|LIVIANOS|SANDERO|L1B|
NISSAN,SANTA FE|RURALES|BAJO RIESGO 1|LIVIANOS|SANTA FE|L1A|
HYUNDAI,SANTA FE|RURALES|BAJO RIESGO 1|LIVIANOS|SANTA FE|L1A|
HYUNDAI,SANTAMO|RURALES|BAJO RIESGO 1|LIVIANOS||L1A|
VOLKSWAGEN,SAVERIO|PICK UP|PICK UP|LIVIANOS||L6|
CHANGAN,SC|RURALES|CHINOS E INDIOS|LIVIANOS||L3|
LEXUS,SC400|AUTOMOVILES|BAJO RIESGO 1|LIVIANOS||L1A|
RENAULT,SCENIC|AUTOMOVILES|BAJO RIESGO 2|LIVIANOS||L1B|
TOYOTA,SCION|AUTOMOVILES|BAJO RIESGO 1|LIVIANOS||L1A|
MAHINDRA,SCORPIO|RURALES|CHINOS E INDIOS|LIVIANOS||L3|
FORD,SCORT|AUTOMOVILES|BAJO RIESGO 1|LIVIANOS||L1A|
HYUNDAI,SCOUPE|AUTOMOVILES|BAJO RIESGO 1|LIVIANOS||L1A|
CHRYSLER,SEBRING|AUTOMOVILES|BAJO RIESGO 1|LIVIANOS||L1A|
NISSAN,SEDAN|AUTOMOVILES|NO ASEGURABLE|LIVIANOS||LX|
KIA,SEDONA|AUTOMOVILES|BAJO RIESGO 1|LIVIANOS|SEDONA|L1A|
NISSAN,SENTRA|AUTOMOVILES|ALTO RIESGO|LIVIANOS|SENTRA|L2R|
KIA,SEPHIA|AUTOMOVILES|BAJO RIESGO 1|LIVIANOS||L1A|
TOYOTA,SEQUOIA|RURALES|BAJO RIESGO 1|LIVIANOS|SEQUOIA|L1A|
TOYOTA,SEQUOLA|RURALES|BAJO RIESGO 1|LIVIANOS||L1A|
NISSAN,SERENA|RURALES|BAJO RIESGO 1|LIVIANOS||L1A|
YAMAHA,SEROW|VEHICULOS MENORES|VEHICULOS MENORES|LIVIANOS||L9|
CADILLAC,SEVILLE|AUTOMOVILES|NO ASEGURABLE|LIVIANOS||LX|
CHEVROLET,SGM|AUTOMOVILES|BAJO RIESGO 2|LIVIANOS||L1B|
DODGE,SHADOW|AUTOMOVILES|NO ASEGURABLE|LIVIANOS|SHADOW|LX|
CHRYSLER,SHADOW|AUTOMOVILES|NO ASEGURABLE|LIVIANOS|SHADOW|LX|
VOLKSWAGEN,SHARAN|AUTOMOVILES|BAJO RIESGO 1|LIVIANOS||L1A|
SUZUKI,SIDEKICK|RURALES|MEDIANO RIESGO|LIVIANOS||L2|
FIAT,SIENA|AUTOMOVILES|BAJO RIESGO 1|LIVIANOS||L1A|
TOYOTA,SIENNA|RURALES|BAJO RIESGO 1|LIVIANOS|SIENNA|L1A|
TOYOTA,SIENTA|RURALES|BAJO RIESGO 1|LIVIANOS||L1A|
HAFEI,SIGMA|AUTOMOVILES|CHINOS E INDIOS|LIVIANOS|SIGMA|L3|
OLDSMOBILE,SILHOUETTE|PANEL|PANEL|LIVIANOS|SILHOUETTE|L5|
CHEVROLET,SILVERADO|PICK UP|BAJO RIESGO 2|LIVIANOS|SILVERADO|L1B|
DAIHATSU,SIRION|AUTOMOVILES|NO ASEGURABLE|LIVIANOS|SIRION|LX|
CHERY,SKIN|AUTOMOVILES|CHINOS E INDIOS|LIVIANOS||L3|
GEELY,SL|AUTOMOVILES|CHINOS E INDIOS|LIVIANOS||L3|
MERCEDES BENZ,SL 500|AUTOMOVILES|BAJO RIESGO 1|LIVIANOS||L1A|
MERCEDES BENZ,SLK 200|AUTOMOVILES|NO ASEGURABLE|LIVIANOS|SLK|LX|
MERCEDES BENZ,SLK 230|AUTOMOVILES|NO ASEGURABLE|LIVIANOS|SLK 230|LX|
MERCEDES BENZ,SLK 280|AUTOMOVILES|NO ASEGURABLE|LIVIANOS|SLK 280|LX|
MERCEDES BENZ,SLK 350|AUTOMOVILES|NO ASEGURABLE|LIVIANOS|SLK 350|LX|
MERCEDES BENZ,SLK200|AUTOMOVILES|NO ASEGURABLE|LIVIANOS||LX|
MERCEDES BENZ,SLK230|AUTOMOVILES|NO ASEGURABLE|LIVIANOS||LX|
MERCEDES BENZ,SLK280|AUTOMOVILES|NO ASEGURABLE|LIVIANOS||LX|
MERCEDES BENZ,SLK350|AUTOMOVILES|NO ASEGURABLE|LIVIANOS||LX|
SAMSUNG,SM|AUTOMOVILES|NO ASEGURABLE|LIVIANOS|SM|LX|
GREAT WALL,SO COOL|PICK UP|PICK UP|LIVIANOS||L6|
TOYOTA,SOLARA|AUTOMOVILES|BAJO RIESGO 1|LIVIANOS||L1A|
HYUNDAI,SONATA|AUTOMOVILES|BAJO RIESGO 1|LIVIANOS|SONATA|L1A|
CHEVROLET,SONIC|AUTOMOVILES|BAJO RIESGO 2|LIVIANOS|SONIC|L1B|
KIA,SORENTO|RURALES|BAJO RIESGO 1|LIVIANOS|SORENTO|L1A|
KIA,SOUL|RURALES|BAJO RIESGO 1|LIVIANOS|SOUL|L1A|
JAGUAR,SOVEREIGN|AUTOMOVILES|NO ASEGURABLE|LIVIANOS||LX|
VOLKSWAGEN,SPACE FOX|AUTOMOVILES|BAJO RIESGO 1|LIVIANOS||L1A|
MITSUBISHI,SPACE WAGON|RURALES|BAJO RIESGO 1|LIVIANOS||L1A|
VOLKSWAGEN,SPACEFOX|AUTOMOVILES|BAJO RIESGO 1|LIVIANOS||L1A|
TOYOTA,SPACIO|AUTOMOVILES|BAJO RIESGO 1|LIVIANOS||L1A|
CHEVROLET,SPARK|AUTOMOVILES|ALTO RIESGO|LIVIANOS|SPARK|L2R|
JAC,SPAZIO|AUTOMOVILES|CHINOS E INDIOS|LIVIANOS||L3|
KIA,SPECTRA|AUTOMOVILES|BAJO RIESGO 1|LIVIANOS||L1A|
CHEVROLET,SPECTRUM|AUTOMOVILES|BAJO RIESGO 2|LIVIANOS||L1B|
KEEWAY,SPEED|VEHICULOS MENORES|VEHICULOS MENORES|LIVIANOS||L9|
ALFA ROMEO,SPIDER|AUTOMOVILES|BAJO RIESGO 1|LIVIANOS||L1A|
DODGE,SPIRIT|AUTOMOVILES|NO ASEGURABLE|LIVIANOS|SPIRIT|LX|
BRILLIANCE,SPLENDOR|AUTOMOVILES|CHINOS E INDIOS|LIVIANOS|SPLENDOR|L3|
TOYOTA,SPORT|AUTOMOVILES|BAJO RIESGO 1|LIVIANOS|SPORT|L1A|
MG,SPORT|AUTOMOVILES|CHINOS E INDIOS|LIVIANOS|SPORT|L3|
KIA,SPORTAGE|RURALES|BAJO RIESGO 1|LIVIANOS|SPORTAGE|L1A|
ALFA ROMEO,SPRINT|AUTOMOVILES|BAJO RIESGO 1|LIVIANOS||L1A|
TOYOTA,SPRINTER|AUTOMOVILES|BAJO RIESGO 1|LIVIANOS|SPRINTER|L1A|
MERCEDES BENZ,SPRINTER|PANEL|PANEL|LIVIANOS|SPRINTER|L5|
DODGE,SPRINTER|PANEL|NO ASEGURABLE|LIVIANOS|SPRINTER|LX|
YAMAHA,YB|VEHICULOS MENORES|VEHICULOS MENORES|LIVIANOS||L9|
YAMAHA,YBA|VEHICULOS MENORES|VEHICULOS MENORES|LIVIANOS||L9|
YAMAHA,YBR|VEHICULOS MENORES|VEHICULOS MENORES|LIVIANOS||L9|
YAMAHA,YD|VEHICULOS MENORES|VEHICULOS MENORES|LIVIANOS||L9|
YAMAHA,YFM|VEHICULOS MENORES|VEHICULOS MENORES|LIVIANOS||L9|
YINGANG,YG|VEHICULOS MENORES|VEHICULOS MENORES|LIVIANOS||L9|
GMC,YUKON|RURALES|NO ASEGURABLE|LIVIANOS||LX|
JMC,YUNBA|PANEL|PANEL|LIVIANOS|YUNBA|L5|
ZONGSHEN,Z150|VEHICULOS MENORES|VEHICULOS MENORES|LIVIANOS||L9|
ZOTYE,Z200|AUTOMOVILES|CHINOS E INDIOS|LIVIANOS||L3|
BMW,Z3|AUTOMOVILES|NO ASEGURABLE|LIVIANOS||LX|
BMW,Z4|AUTOMOVILES|NO ASEGURABLE|LIVIANOS|Z4|LX|
CHEVROLET,ZAFIRA|RURALES|BAJO RIESGO 2|LIVIANOS||L1B|
TOYOTA,ZELAS|AUTOMOVILES|BAJO RIESGO 1|LIVIANOS||L1A|
SUMO,ZETA|VEHICULOS MENORES|VEHICULOS MENORES|LIVIANOS||L9|
BRILLIANCE,ZHONGHUA|AUTOMOVILES|CHINOS E INDIOS|LIVIANOS|ZHONGHUA|L3|
HAFEI,ZHONGYI|PANEL|PANEL|LIVIANOS||L5|
ZONGSHEN,ZS|VEHICULOS MENORES|VEHICULOS MENORES|LIVIANOS|ZS|L9|
CITROEN,ZX|AUTOMOVILES|BAJO RIESGO 1|LIVIANOS||L1A|
BMW,329I|AUTOMOVILES|BAJO RIESGO 1|LIVIANOS||L1A|
MERCEDES BENZ,E 290|AUTOMOVILES|BAJO RIESGO 1|LIVIANOS||L1A|
MERCEDES BENZ,E 430|AUTOMOVILES|BAJO RIESGO 1|LIVIANOS||L1A|
MERCEDES BENZ,E 500|AUTOMOVILES|BAJO RIESGO 1|LIVIANOS||L1A|
BMW,850CIA|AUTOMOVILES|NO ASEGURABLE|LIVIANOS||LX|
MERCURY,GRAND MARQUIZ|AUTOMOVILES|NO ASEGURABLE|LIVIANOS||LX|
FERRARI,SCUDERIA|AUTOMOVILES|NO ASEGURABLE|LIVIANOS||LX|
TOYOTA,IPSUM|AUTOMOVILES|BAJO RIESGO 1|LIVIANOS||L1A|
LADA,2109|AUTOMOVILES|NO ASEGURABLE|LIVIANOS||LX|
FORD,F 250|PICK UP|PICK UP|LIVIANOS||L6|
MERCEDES BENZ,C36|AUTOMOVILES|BAJO RIESGO 1|LIVIANOS||L1A|
CHEVROLET,C20|PICK UP|BAJO RIESGO 2|LIVIANOS||L1B|
FIAT,TIPO 1.6|AUTOMOVILES|BAJO RIESGO 1|LIVIANOS||L1A|
MERCEDES BENZ,CL 65|AUTOMOVILES|BAJO RIESGO 1|LIVIANOS||L1A|
MAZDA,B 2000|PICK UP|PICK UP|LIVIANOS||L6|
RENAULT,MAGANE|AUTOMOVILES|BAJO RIESGO 2|LIVIANOS||L1B|
CHEVROLET,OR|AUTOMOVILES|BAJO RIESGO 1|LIVIANOS||L1A|
MAZDA,GRAND TOURING|RURALES|BAJO RIESGO 1|LIVIANOS||L1A|
MERCEDES BENZ,ML 270|AUTOMOVILES|BAJO RIESGO 1|LIVIANOS||L1A|
JAGUAR,STYPE|AUTOMOVILES|NO ASEGURABLE|LIVIANOS||LX|
PONTIAC,GRAND AM|AUTOMOVILES|NO ASEGURABLE|LIVIANOS||LX|
TOYOTA,NADIA|AUTOMOVILES|BAJO RIESGO 1|LIVIANOS||L1A|
FORD,350 XL|PICK UP|PICK UP|LIVIANOS||L6|
MAZDA,B 2900|PICK UP|PICK UP|LIVIANOS||L6|
RENAULT,DACIA|RURALES|BAJO RIESGO 2|LIVIANOS||L1B|
CADILLAC,DEVILLE|AUTOMOVILES|NO ASEGURABLE|LIVIANOS||LX|
JAGUAR,XTYPE|AUTOMOVILES|NO ASEGURABLE|LIVIANOS||LX|
NISSAN,SAFARI|RURALES|BAJO RIESGO 1|LIVIANOS||L1A|
FORD,17-M|AUTOMOVILES|BAJO RIESGO 1|LIVIANOS||L1A|
FERRARI,ITALIA|AUTOMOVILES|NO ASEGURABLE|LIVIANOS||LX|
SUZUKI,URBAN|RURALES|MEDIANO RIESGO|LIVIANOS||L2|
BMW,840CI|AUTOMOVILES|BAJO RIESGO 1|LIVIANOS||L1A|
DAIHATSU,MIRA|AUTOMOVILES|NO ASEGURABLE|LIVIANOS||LX|
MERCEDES BENZ,SL 320|AUTOMOVILES|BAJO RIESGO 1|LIVIANOS||L1A|
FORD,CORCEL|AUTOMOVILES|BAJO RIESGO 1|LIVIANOS||L1A|
PORSCHE,968|AUTOMOVILES|BAJO RIESGO 1|LIVIANOS||L1A|
MERCEDES BENZ,C2470|AUTOMOVILES|BAJO RIESGO 1|LIVIANOS||L1A|
KAWASAKI,KAF|VEHICULOS MENORES|VEHICULOS MENORES|LIVIANOS||L9|
HYUNDAI,I90|AUTOMOVILES|BAJO RIESGO 1|LIVIANOS||L1A|
DODGE,W200|PICK UP|PICK UP|LIVIANOS||L6|
MERCEDES BENZ,SL320|AUTOMOVILES|BAJO RIESGO 1|LIVIANOS||L1A|
MERCEDES BENZ,CLK 55|AUTOMOVILES|BAJO RIESGO 1|LIVIANOS||L1A|
VOLVO,E86|AUTOMOVILES|BAJO RIESGO 1|LIVIANOS||L1A|
SUZUKI,BALEMO|AUTOMOVILES|MEDIANO RIESGO|LIVIANOS||L2|
FORD,TAUNUS|AUTOMOVILES|BAJO RIESGO 1|LIVIANOS||L1A|
CHEVROLET,NOVA|AUTOMOVILES|BAJO RIESGO 2|LIVIANOS||L1B|
BMW,635CSI|AUTOMOVILES|BAJO RIESGO 1|LIVIANOS||L1A|
SUZUKI,X-OVER|AUTOMOVILES|MEDIANO RIESGO|LIVIANOS||L2|
MITSUBISHI,MINICA|AUTOMOVILES|BAJO RIESGO 1|LIVIANOS||L1A|
NISSAN,TLG 720|PICK UP|NO ASEGURABLE|LIVIANOS||LX|
NISSAN,TLE|PICK UP|NO ASEGURABLE|LIVIANOS||LX|
VOLKSWAGEN,374|AUTOMOVILES|BAJO RIESGO 1|LIVIANOS||L1A|
DODGE,W100|PICK UP|PICK UP|LIVIANOS||L6|
HONDA,CA4LX|AUTOMOVILES|NO ASEGURABLE|LIVIANOS||LX|
MERCEDES BENZ,C181|AUTOMOVILES|BAJO RIESGO 1|LIVIANOS||L1A|
BMW,R1150|VEHICULOS MENORES|VEHICULOS MENORES|LIVIANOS||L9|
MERCEDES BENZ,S430|AUTOMOVILES|BAJO RIESGO 1|LIVIANOS||L1A|
MERCEDES BENZ,S420|AUTOMOVILES|BAJO RIESGO 1|LIVIANOS||L1A|
MAZDA,SPEED 3|AUTOMOVILES|BAJO RIESGO 1|LIVIANOS||L1A|
MERCEDES BENZ,A 200|AUTOMOVILES|BAJO RIESGO 1|LIVIANOS|A 200|L1A|
FERRARI,612|AUTOMOVILES|NO ASEGURABLE|LIVIANOS||LX|
SUZUKI,INTRUDER|VEHICULOS MENORES|VEHICULOS MENORES|LIVIANOS||L9|
FIAT,MAREA|AUTOMOVILES|BAJO RIESGO 1|LIVIANOS||L1A|
ROVER,MINI COOPER|AUTOMOVILES|NO ASEGURABLE|LIVIANOS||LX|
BMW,635I|AUTOMOVILES|BAJO RIESGO 1|LIVIANOS||L1A|
SUZUKI,RUGBY|RURALES|MEDIANO RIESGO|LIVIANOS||L2|
GEELY,CK GT|AUTOMOVILES|CHINOS E INDIOS|LIVIANOS||L3|
HONDA,NEW|AUTOMOVILES|BAJO RIESGO 1|LIVIANOS||L1A|
MERCEDES BENZ,C 270|AUTOMOVILES|BAJO RIESGO 1|LIVIANOS||L1A|
MERCEDES BENZ,C 350|AUTOMOVILES|BAJO RIESGO 1|LIVIANOS||L1A|
VOLVO,262|AUTOMOVILES|BAJO RIESGO 1|LIVIANOS||L1A|
MAZDA,B 2200|PICK UP|PICK UP|LIVIANOS||L6|
MERCEDES BENZ,ML270|RURALES|BAJO RIESGO 1|LIVIANOS||L1A|
DATSUN,L510|AUTOMOVILES|NO ASEGURABLE|LIVIANOS||LX|
BMW,745|AUTOMOVILES|BAJO RIESGO 1|LIVIANOS||L1A|
CADILLAC,FLEETWOOD|AUTOMOVILES|NO ASEGURABLE|LIVIANOS||LX|
MERCEDES BENZ,CLC 180|AUTOMOVILES|BAJO RIESGO 1|LIVIANOS|CLC 180|L1A|
HONDA,CRX|AUTOMOVILES|BAJO RIESGO 1|LIVIANOS||L1A|
CITROEN,ALLORE|AUTOMOVILES|BAJO RIESGO 1|LIVIANOS||L1A|
HYUNDAI,PRESTO|AUTOMOVILES|BAJO RIESGO 1|LIVIANOS||L1A|
TOYOTA,ESTIMA LUCIDA|RURALES|BAJO RIESGO 1|LIVIANOS||L1A|
FORD,M-151|RURALES|BAJO RIESGO 1|LIVIANOS||L1A|
MERCEDES BENZ,G 55|RURALES|BAJO RIESGO 1|LIVIANOS||L1A|
LEXUS,SC 400|AUTOMOVILES|BAJO RIESGO 1|LIVIANOS||L1A|
LAND ROVER,FREE LANDER|RURALES|BAJO RIESGO 1|LIVIANOS||L1A|
HYUNDAI,GRANDEUR|AUTOMOVILES|BAJO RIESGO 1|LIVIANOS||L1A|
MERCEDES BENZ,E270|AUTOMOVILES|BAJO RIESGO 1|LIVIANOS||L1A|
CHEVROLET,CORSICA|AUTOMOVILES|BAJO RIESGO 2|LIVIANOS||L1B|
MAZDA,929|AUTOMOVILES|BAJO RIESGO 1|LIVIANOS||L1A|
MERCEDES BENZ,C 32K|AUTOMOVILES|BAJO RIESGO 1|LIVIANOS||L1A|
MAZDA,B1600|PICK UP|PICK UP|LIVIANOS||L6|
MAZDA,MAZDA5|AUTOMOVILES|BAJO RIESGO 1|LIVIANOS||L1A|
ISUZU,WIZARD|RURALES|NO ASEGURABLE|LIVIANOS|WIZARD|LX|
CHEVROLET,LEASING|PICK UP|BAJO RIESGO 2|LIVIANOS||L1B|
FORD,17M|AUTOMOVILES|BAJO RIESGO 1|LIVIANOS||L1A|
DAEWOO,LUBLIN|PANEL|BAJO RIESGO 1|LIVIANOS||L1A|
BMW,840|AUTOMOVILES|BAJO RIESGO 1|LIVIANOS||L1A|
SEAT,TOLEDO|AUTOMOVILES|BAJO RIESGO 2|LIVIANOS||L1B|
ISUZU,IMARK|AUTOMOVILES|NO ASEGURABLE|LIVIANOS||LX|
MERCEDES BENZ,E 250|AUTOMOVILES|BAJO RIESGO 1|LIVIANOS||L1A|
NISSAN,NL 620|PICK UP|PICK UP|LIVIANOS||L6|
TOYOTA,FUN CARGO|RURALES|BAJO RIESGO 1|LIVIANOS||L1A|
JAC,STANDAR DARK|AUTOMOVILES|CHINOS E INDIOS|LIVIANOS||L3|
MERCEDES BENZ,S 350|AUTOMOVILES|BAJO RIESGO 1|LIVIANOS||L1A|
SUZUKI,AX|VEHICULOS MENORES|VEHICULOS MENORES|LIVIANOS||L9|
MERCEDES BENZ,E 270|AUTOMOVILES|BAJO RIESGO 1|LIVIANOS||L1A|
MERCEDES BENZ,MB 800|PANEL|PANEL|LIVIANOS||L5|
FORD,F 450|PICK UP|PICK UP|LIVIANOS||L6|
MERCEDES BENZ,SLK 320|AUTOMOVILES|NO ASEGURABLE|LIVIANOS||LX|
MITSUBISHI,KFE12B|AUTOMOVILES|BAJO RIESGO 1|LIVIANOS||L1A|
DAEWOO,D7Q|AUTOMOVILES|BAJO RIESGO 1|LIVIANOS||L1A|
MAHINDRA,BOLERO|RURALES|CHINOS E INDIOS|LIVIANOS||L3|
MERCEDES BENZ,C 300|AUTOMOVILES|BAJO RIESGO 1|LIVIANOS||L1A|
MAZDA,PROTEGE|AUTOMOVILES|BAJO RIESGO 1|LIVIANOS||L1A|
DAEWOO,WINSTORM|RURALES|BAJO RIESGO 1|LIVIANOS||L1A|
MERCEDES BENZ,C 230|AUTOMOVILES|BAJO RIESGO 1|LIVIANOS||L1A|
TOYOTA,ALTEZZA|AUTOMOVILES|BAJO RIESGO 1|LIVIANOS||L1A|
FERRARI,F430|AUTOMOVILES|NO ASEGURABLE|LIVIANOS|F 430|LX|
MERCEDES BENZ,CLK 270|AUTOMOVILES|BAJO RIESGO 1|LIVIANOS||L1A|
NISSAN,D 21|PICK UP|PICK UP|LIVIANOS||L6|
MERCEDES BENZ,C 181|AUTOMOVILES|BAJO RIESGO 1|LIVIANOS||L1A|
SKODA,YETI|AUTOMOVILES|BAJO RIESGO 1|LIVIANOS||L1A|
MAZDA,MILLENIA|AUTOMOVILES|BAJO RIESGO 1|LIVIANOS||L1A|
CHEVROLET,SPORTNOVAN|RURALES|BAJO RIESGO 2|LIVIANOS||L1B|
CHEVROLET,CHEVROLET K|PICK UP|BAJO RIESGO 2|LIVIANOS||L1B|
JAC,A CLASS|AUTOMOVILES|CHINOS E INDIOS|LIVIANOS||L3|
SUZUKI,TS|VEHICULOS MENORES|VEHICULOS MENORES|LIVIANOS||L9|
SKODA,SUPERB|AUTOMOVILES|BAJO RIESGO 1|LIVIANOS||L1A|
CHEVROLET,JEEP|RURALES|BAJO RIESGO 2|LIVIANOS||L1B|
MAZDA,B 1800|PICK UP|PICK UP|LIVIANOS||L6|
DAEWOO,SUPER SALON|AUTOMOVILES|BAJO RIESGO 1|LIVIANOS||L1A|
PONTIAC,SUNBIRD|AUTOMOVILES|NO ASEGURABLE|LIVIANOS||LX|
MITSUBISHI,CEDIA|AUTOMOVILES|BAJO RIESGO 1|LIVIANOS||L1A|
FERRARI,430|AUTOMOVILES|NO ASEGURABLE|LIVIANOS||LX|
VOLKSWAGEN,111|AUTOMOVILES|BAJO RIESGO 1|LIVIANOS||L1A|
HYUNDAI,TUSCANI|AUTOMOVILES|BAJO RIESGO 1|LIVIANOS||L1A|
MERCEDES BENZ,E 300|AUTOMOVILES|BAJO RIESGO 1|LIVIANOS|E 300|L1A|
MERCEDES BENZ,CL 550|AUTOMOVILES|BAJO RIESGO 1|LIVIANOS||L1A|
YAMAHA,BIG BEAR|VEHICULOS MENORES|VEHICULOS MENORES|LIVIANOS||L9|
HAIMA,HAIMA 1|AUTOMOVILES|CHINOS E INDIOS|LIVIANOS||L3|
VOLKSWAGEN,373|AUTOMOVILES|BAJO RIESGO 1|LIVIANOS||L1A|
DODGE,ARIES|AUTOMOVILES|NO ASEGURABLE|LIVIANOS||LX|
MERCEDES BENZ,C 36|AUTOMOVILES|BAJO RIESGO 1|LIVIANOS||L1A|
MERCEDES BENZ,ML 500|RURALES|BAJO RIESGO 1|LIVIANOS||L1A|
HONDA,CRZ|AUTOMOVILES|BAJO RIESGO 1|LIVIANOS||L1A|
VOLKSWAGEN,377|AUTOMOVILES|BAJO RIESGO 2|LIVIANOS||L1B|
MERCEDES BENZ,CL200|AUTOMOVILES|BAJO RIESGO 1|LIVIANOS||L1A|
MERCEDES BENZ,E 420|AUTOMOVILES|BAJO RIESGO 1|LIVIANOS||L1A|
DODGE,W600|PICK UP|PICK UP|LIVIANOS||L6|
FORD,F 550|PICK UP|PICK UP|LIVIANOS||L6|
GMC,SONOMA|PICK UP|PICK UP|LIVIANOS||L6|
MITSUBISHI,L 100|PANEL|PANEL|LIVIANOS||L5|
LEXUS,ST 200|AUTOMOVILES|BAJO RIESGO 1|LIVIANOS||L1A|
PEUGEOT,505|AUTOMOVILES|BAJO RIESGO 1|LIVIANOS||L1A|
NISSAN,GRS|RURALES|BAJO RIESGO 1|LIVIANOS||L1A|
SUBARU,SAMBAR|RURALES|NO ASEGURABLE|LIVIANOS||LX|
MERCEDES BENZ,S 430|AUTOMOVILES|BAJO RIESGO 1|LIVIANOS||L1A|
DODGE,LEBARON|AUTOMOVILES|NO ASEGURABLE|LIVIANOS||LX|
MERCEDES BENZ,E 220|AUTOMOVILES|BAJO RIESGO 1|LIVIANOS||L1A|
JAC,A 138|AUTOMOVILES|CHINOS E INDIOS|LIVIANOS||L3|
ALFA ROMEO,146|AUTOMOVILES|BAJO RIESGO 1|LIVIANOS||L1A|
MERCEDES BENZ,E 51|AUTOMOVILES|BAJO RIESGO 1|LIVIANOS||L1A|
FERRARI,SCAGLIETI|AUTOMOVILES|NO ASEGURABLE|LIVIANOS||LX|
BMW,630CI|AUTOMOVILES|BAJO RIESGO 1|LIVIANOS||L1A|
MERCEDES BENZ,CLS550|AUTOMOVILES|BAJO RIESGO 1|LIVIANOS||L1A|
CHEVROLET,2103|AUTOMOVILES|BAJO RIESGO 2|LIVIANOS||L1B|
MERCEDES BENZ,GL 500|RURALES|BAJO RIESGO 1|LIVIANOS||L1A|
DAEWOO,REZZO|RURALES|BAJO RIESGO 1|LIVIANOS|REZZO|L1A|
MITSUBISHI,L 200|PICK UP|PICK UP|LIVIANOS|L|L6|
MERCEDES BENZ,C 220|AUTOMOVILES|BAJO RIESGO 1|LIVIANOS||L1A|
FORD,F 350|PICK UP|PICK UP|LIVIANOS||L6|
NISSAN,FAIRLADY|AUTOMOVILES|BAJO RIESGO 1|LIVIANOS||L1A|
MAZDA,B 1600|PICK UP|PICK UP|LIVIANOS||L6|
FORD,ROUTE|PICK UP|PICK UP|LIVIANOS||L6|
SUBARU,LOYALE|AUTOMOVILES|NO ASEGURABLE|LIVIANOS||LX|
MERCEDES BENZ,S 420|AUTOMOVILES|BAJO RIESGO 1|LIVIANOS||L1A|
FORD,F 300|PICK UP|PICK UP|LIVIANOS||L6|
UM,MAGNETIC|VEHICULOS MENORES|VEHICULOS MENORES|LIVIANOS||L9|
MERCEDES BENZ,ML 63|AUTOMOVILES|BAJO RIESGO 1|LIVIANOS||L1A|
TOYOTA,REGIUS|PANEL|PANEL|LIVIANOS||L5|
MAZDA,B 2600|PICK UP|PICK UP|LIVIANOS||L6|
BMW,645I|AUTOMOVILES|BAJO RIESGO 1|LIVIANOS||L1A|
CITROEN,PALLAS|AUTOMOVILES|BAJO RIESGO 1|LIVIANOS||L1A|
MERCEDES BENZ,B 180|AUTOMOVILES|BAJO RIESGO 1|LIVIANOS||L1A|
VOLKSWAGEN,SANTANA|AUTOMOVILES|BAJO RIESGO 1|LIVIANOS||L1A|
VOLVO,780|AUTOMOVILES|BAJO RIESGO 1|LIVIANOS||L1A|
YAMAHA,VIRAGO|VEHICULOS MENORES|VEHICULOS MENORES|LIVIANOS||L9|
CHRYSLER,TOWN&COUNTRY|RURALES|BAJO RIESGO 1|LIVIANOS||L1A|
AMC,CONCORD|AUTOMOVILES|NO ASEGURABLE|LIVIANOS||LX|
LADA,2107|AUTOMOVILES|NO ASEGURABLE|LIVIANOS||LX|
LEXUS,RX 350|AUTOMOVILES|BAJO RIESGO 1|LIVIANOS||L1A|
BMW,R1200|VEHICULOS MENORES|VEHICULOS MENORES|LIVIANOS||L9|
JEEP,COMANCHE|RURALES|BAJO RIESGO 1|LIVIANOS||L1A|
CHANGAN,CV|AUTOMOVILES|CHINOS E INDIOS|LIVIANOS||L3|
KIA,CREDOS|AUTOMOVILES|BAJO RIESGO 1|LIVIANOS||L1A|
MERCEDES BENZ,E 240|AUTOMOVILES|BAJO RIESGO 1|LIVIANOS||L1A|
FORD,F 100|PICK UP|PICK UP|LIVIANOS||L6|
MERCEDES BENZ,C -180|AUTOMOVILES|BAJO RIESGO 1|LIVIANOS||L1A|
GREAT WALL,PERI|AUTOMOVILES|CHINOS E INDIOS|LIVIANOS||L3|
MAZDA,B 2500|PICK UP|PICK UP|LIVIANOS||L6|
YOUYI,OTROS|VEHICULOS MENORES|VEHICULOS MENORES|LIVIANOS||L9|
YINGANG,OTROS|VEHICULOS MENORES|VEHICULOS MENORES|LIVIANOS||L9|
YANG ZU,OTROS|VEHICULOS MENORES|VEHICULOS MENORES|LIVIANOS||L9|
MAVILA,OTROS|VEHICULOS MENORES|VEHICULOS MENORES|LIVIANOS||L9|
BAJAJ,OTROS|VEHICULOS MENORES|VEHICULOS MENORES|LIVIANOS||L9|
CHEVROLET,ESSENTIA|RURALES|BAJO RIESGO 2|LIVIANOS||L1B|
YAMAHA,YFZ|VEHICULOS MENORES|VEHICULOS MENORES|LIVIANOS||L9|
FORD,F 150|PICK UP|PICK UP|LIVIANOS||L6|
